accessionVersion	outbreak	sampleCollectionDate	geoLocCountry	geoLocAdmin1	authors	authorAffiliations	hostNameScientific	length	earliestReleaseDate	ncbiReleaseDate	accession	version	submissionId	isRevocation	submitter	groupName	groupId	submittedAtTimestamp	submittedDate	releasedAtTimestamp	releasedDate	dataUseTerms	dataUseTermsRestrictedUntil	dataBecameOpenAt	dataUseTermsUrl	versionStatus	versionComment	pipelineVersion	ampliconPcrPrimerScheme	ampliconSize	anatomicalMaterial	anatomicalPart	assemblyReferenceGenomeAccession	bioprojectAccession	biosampleAccession	bodyProduct	breadthOfCoverage	cellLine	collectionDevice	collectionMethod	comment	completeness	consensusSequenceSoftwareName	consensusSequenceSoftwareVersion	cultureId	dehostingMethod	depthOfCoverage	diagnosticMeasurementMethod	diagnosticMeasurementUnit	diagnosticMeasurementValue	diagnosticTargetGeneName	diagnosticTargetPresence	displayName	environmentalMaterial	environmentalSite	experimentalSpecimenRoleType	exposureDetails	exposureEvent	exposureSetting	foodProduct	foodProductProperties	frameShifts	gcaAccession	geoLocAdmin2	geoLocCity	geoLocLatitude	geoLocLongitude	geoLocSite	hostAge	hostAgeBin	hostDisease	hostGender	hostHealthOutcome	hostHealthState	hostNameCommon	hostOriginCountry	hostRole	hostTaxonId	hostVaccinationStatus	insdcAccessionBase	insdcAccessionFull	insdcRawReadsAccession	insdcVersion	isLabHost	ncbiSourceDb	ncbiSubmitterCountry	ncbiUpdateDate	ncbiVirusName	ncbiVirusTaxId	passageMethod	passageNumber	presamplingActivity	previousInfectionDisease	previousInfectionOrganism	purposeOfSampling	purposeOfSequencing	qualityControlDetails	qualityControlDetermination	qualityControlIssues	qualityControlMethodName	qualityControlMethodVersion	rawSequenceDataProcessingMethod	sampleCollectionDateRangeLower	sampleCollectionDateRangeUpper	sampleReceivedDate	sampleType	sequencedByContactEmail	sequencedByContactName	sequencedByOrganization	sequencingAssayType	sequencingDate	sequencingInstrument	sequencingProtocol	signsAndSymptoms	specimenCollectorSampleId	specimenProcessing	specimenProcessingDetails	stopCodons	totalAmbiguousNucs	totalDeletedNucs	totalFrameShifts	totalInsertedNucs	totalSnps	totalStopCodons	totalUnknownNucs	travelHistory
PP_002YX4W.1	Ebov-1976	2025	Canada		Audet, Jonathan; Soriano, Karla; Leung, Anders; Safronetz, David; Strong, Jim	Special Pathogens, National Microbiology Laboratory, Public Health Agency of Canada	Cavia porcellus	18582	2025-06-25		PP_002YX4W	1	EBOV/VECTOR/C.porcellus-lab/COD/1976/Mayinga_NML	false	jaudet	SP_NML_PHAC	397	1750887013	2025-06-25	1750887139	2025-06-25	OPEN		2025-06-25	https://pathoplexus.org/about/terms-of-use/open-data	LATEST_VERSION		27	ARTIC 1.0	400			NC_002549.1	PRJEB91120	SAMEA118597673			Vero E6				0.9801149849675616				N/A	1000						Canada/PP_002YX4W.1/2025										GCA_965613485.1											MB	domestic guinea pig; guinea pig			10141		OZ276552	OZ276552.1			true							2												2025-01-01	2025-06-25			jonathan.audet@phac-aspc.gc.ca	Jonathan Audet	PUBLIC HEALTH AGENCY OF CANADA		2025-06-24	MinION Mk1D	RT-PCR Tiling amplicons using ARTIC EBOV primers. Library prep using Native Barcoding Kit (SQK-NBD114.24). Data analyzed using nf-ViralMutations (commit 5a6ba36; https://github.com/phac-nml/nf-ViralMutations).)		Ebola virus/VECTOR/C.porcellus-lab/COD/1976/Mayinga_NML				0	0	0	0	9	0	0	
PP_003RXEP.2	Ebov-2025	2025-09-01	Democratic Republic of the Congo	Kasai	Amuri-Aziza, Adrienne; Luakanda - Ndelemo, Gradi; Makangara-Cigolo, Jean-Claude; Akil-Bandali, Prince; Paku-Tshambu, Princesse; Wilkinson, Sam; Tshulo, Louis; Quick, Josh; Citenga, Andre; Muswamba-Kayembe, Chloe; Ntumba-Tshitenge, Olga; Lokilo-Lofiko, Emmanuel; Cikaya-Kankolongo, Fiston; Rilia, Ola; Kimbonza, Servet; Pukuta, Elisabeth; Mukadi, Daniel; Ngandu, Christian; Mossoko, Mathias; Kabamba -Lungenyi, Gabriel; Lumembe-Numbi, Raphael; Mabika-Bope, Elzedeck; Mukadi, Patrick; Pratt, Catherine; Mwamba, Dieudonne; Loman, Nick; Rambaut, Andrew; Kinganda-Lusamaki, Eddy; Wawina-Bokalanga, Tony; Mumba - Ngoyi, Dieudonne; Muyembe-Tamfum, Jean-Jacques; Ahuka-Mundeke, Steve; Mbala-Kingebeni, Placide	Institut National de Recherche Biomédicale	Homo sapiens	18789	2025-09-05		PP_003RXEP	2	25FHV168	false	eddylusamaki	Pathogen Genomic Lab	232	1757536997	2025-09-10	1757537495	2025-09-10	RESTRICTED	2026-09-05		https://pathoplexus.org/about/terms-of-use/restricted-data	LATEST_VERSION		27	https://labs.primalscheme.com/detail/ebola-mangina-2018/400/v3.0.0/?q=ebola	400												0.9748404451711589	" https://artic.network/amplicon-nf/amplicon-nf-epi2me-sop.html"	0.4.6									Democratic_Republic_of_the_Congo/PP_003RXEP.2/2025-09-01																						human			9606																									2025-09-01	2025-09-01	2025-09-03		labgenpath@inrb.cd		Institut National de Recherche Biomédicale		2025-09-03	Gridion	amplicon sequencing		25FHV168				0	0	0	0	97	0	307	
PP_003RXFM.2	Ebov-2025	2025-09	Democratic Republic of the Congo	Kasai	Amuri-Aziza, Adrienne; Luakanda - Ndelemo, Gradi; Makangara-Cigolo, Jean-Claude; Akil-Bandali, Prince; Paku-Tshambu, Princesse; Wilkinson, Sam; Tshulo, Louis; Quick, Josh; Citenga, Andre; Muswamba-Kayembe, Chloe; Ntumba-Tshitenge, Olga; Lokilo-Lofiko, Emmanuel; Cikaya-Kankolongo, Fiston; Rilia, Ola; Kimbonza, Servet; Pukuta, Elisabeth; Mukadi, Daniel; Ngandu, Christian; Mossoko, Mathias; Kabamba -Lungenyi, Gabriel; Lumembe-Numbi, Raphael; Mabika-Bope, Elzedeck; Mukadi, Patrick; Pratt, Catherine; Mwamba, Dieudonne; Loman, Nick; Rambaut, Andrew; Kinganda-Lusamaki, Eddy; Wawina-Bokalanga, Tony; Mumba - Ngoyi, Dieudonne; Muyembe-Tamfum, Jean-Jacques; Ahuka-Mundeke, Steve; Mbala-Kingebeni, Placide	Institut National de Recherche Biomédicale	Homo sapiens	18754	2025-09-05		PP_003RXFM	2	25FHV170	false	eddylusamaki	Pathogen Genomic Lab	232	1757537372	2025-09-10	1757537495	2025-09-10	RESTRICTED	2026-09-05		https://pathoplexus.org/about/terms-of-use/restricted-data	LATEST_VERSION		27	https://labs.primalscheme.com/detail/ebola-mangina-2018/400/v3.0.0/?q=ebola	400												0.9582256448124901	" https://artic.network/amplicon-nf/amplicon-nf-epi2me-sop.html"	0.4.6									Democratic_Republic_of_the_Congo/PP_003RXFM.2/2025-09																						human			9606																									2025-09-01	2025-09-10	2025-09-03		labgenpath@inrb.cd		Institut National de Recherche Biomédicale		2025-09-03	Gridion	amplicon sequencing		25FHV170				0	1	0	0	85	0	588	
PP_003RXGK.2	Ebov-2025	2025-08-29	Democratic Republic of the Congo	Kasai	Amuri-Aziza, Adrienne; Luakanda - Ndelemo, Gradi; Makangara-Cigolo, Jean-Claude; Akil-Bandali, Prince; Paku-Tshambu, Princesse; Wilkinson, Sam; Tshulo, Louis; Quick, Josh; Citenga, Andre; Muswamba-Kayembe, Chloe; Ntumba-Tshitenge, Olga; Lokilo-Lofiko, Emmanuel; Cikaya-Kankolongo, Fiston; Rilia, Ola; Kimbonza, Servet; Pukuta, Elisabeth; Mukadi, Daniel; Ngandu, Christian; Mossoko, Mathias; Kabamba -Lungenyi, Gabriel; Lumembe-Numbi, Raphael; Mabika-Bope, Elzedeck; Mukadi, Patrick; Pratt, Catherine; Mwamba, Dieudonne; Loman, Nick; Rambaut, Andrew; Kinganda-Lusamaki, Eddy; Wawina-Bokalanga, Tony; Mumba - Ngoyi, Dieudonne; Muyembe-Tamfum, Jean-Jacques; Ahuka-Mundeke, Steve; Mbala-Kingebeni, Placide	Institut National de Recherche Biomédicale	Homo sapiens	18789	2025-09-05		PP_003RXGK	2	25FHV172	false	eddylusamaki	Pathogen Genomic Lab	232	1757537478	2025-09-10	1757537495	2025-09-10	RESTRICTED	2026-09-05		https://pathoplexus.org/about/terms-of-use/restricted-data	LATEST_VERSION		27	https://labs.primalscheme.com/detail/ebola-mangina-2018/400/v3.0.0/?q=ebola	400												0.9764228071100797	" https://artic.network/amplicon-nf/amplicon-nf-epi2me-sop.html"	0.4.6									Democratic_Republic_of_the_Congo/PP_003RXGK.2/2025-08-29																						human			9606																									2025-08-29	2025-08-29	2025-09-03		labgenpath@inrb.cd		Institut National de Recherche Biomédicale		2025-09-03	Gridion	amplicon sequencing		25FHV172				0	0	0	0	88	0	277	
PP_003RXHG.2	Ebov-2025	2025-09-01	Democratic Republic of the Congo	Kasai	Amuri-Aziza, Adrienne; Luakanda - Ndelemo, Gradi; Makangara-Cigolo, Jean-Claude; Akil-Bandali, Prince; Paku-Tshambu, Princesse; Wilkinson, Sam; Tshulo, Louis; Quick, Josh; Citenga, Andre; Muswamba-Kayembe, Chloe; Ntumba-Tshitenge, Olga; Lokilo-Lofiko, Emmanuel; Cikaya-Kankolongo, Fiston; Rilia, Ola; Kimbonza, Servet; Pukuta, Elisabeth; Mukadi, Daniel; Ngandu, Christian; Mossoko, Mathias; Kabamba -Lungenyi, Gabriel; Lumembe-Numbi, Raphael; Mabika-Bope, Elzedeck; Mukadi, Patrick; Pratt, Catherine; Mwamba, Dieudonne; Loman, Nick; Rambaut, Andrew; Kinganda-Lusamaki, Eddy; Wawina-Bokalanga, Tony; Mumba - Ngoyi, Dieudonne; Muyembe-Tamfum, Jean-Jacques; Ahuka-Mundeke, Steve; Mbala-Kingebeni, Placide	Institut National de Recherche Biomédicale	Homo sapiens	18789	2025-09-05		PP_003RXHG	2	25FHV173	false	eddylusamaki	Pathogen Genomic Lab	232	1757537250	2025-09-10	1757537495	2025-09-10	RESTRICTED	2026-09-05		https://pathoplexus.org/about/terms-of-use/restricted-data	LATEST_VERSION		27	https://labs.primalscheme.com/detail/ebola-mangina-2018/400/v3.0.0/?q=ebola	400												0.9910332823461153	" https://artic.network/amplicon-nf/amplicon-nf-epi2me-sop.html"	0.4.6									Democratic_Republic_of_the_Congo/PP_003RXHG.2/2025-09-01																						human			9606																									2025-09-01	2025-09-01	2025-09-03		labgenpath@inrb.cd		"Institut National de Recherche Biomédicale "		2025-09-03	Gridion	amplicon sequencing		25FHV173				0	0	0	0	93	0	0	
PP_004BNWT.1	Ebov-2025	2025-09-06	Democratic Republic of the Congo	Kasai	Amuri-Aziza, Adrienne; Luakanda - Ndelemo, Gradi; Makangara-Cigolo, Jean-Claude; Akil-Bandali, Prince; Paku-Tshambu, Princesse; Wilkinson, Sam; Tshulo, Louis; Quick, Josh; Citenga, Andre; Muswamba-Kayembe, Chloe; Ntumba-Tshitenge, Olga; Keita, Mory; Lokilo-Lofiko, Emmanuel; Cikaya-Kankolongo, Fiston; Rilia, Ola; Kimbonza, Servet; Pukuta, Elisabeth; Mukadi, Daniel; Ngandu, Christian; Mossoko, Mathias; Kabamba -Lungenyi, Gabriel; Lumembe-Numbi, Raphael; Mabika-Bope, Elzedeck; Kanyama, Joel; Kitenge, Richard; Mukadi, Patrick; Pratt, Catherine; Mwamba, Dieudonne; Loman, Nick; Rambaut, Andrew; Kinganda-Lusamaki, Eddy; Mumba - Ngoyi, Dieudonne; Muyembe-Tamfum, Jean-Jacques; Ahuka-Mundeke, Steve; Wawina-Bokalanga, Tony; Mbala-Kingebeni, Placide	Institut National de Recherche Biomédicale	Homo sapiens	18025	2025-10-23		PP_004BNWT	1	BLP006	false	eddylusamaki	Pathogen Genomic Lab	232	1761237480	2025-10-23	1761237543	2025-10-23	RESTRICTED	2026-10-23		https://pathoplexus.org/about/terms-of-use/restricted-data	LATEST_VERSION		27														0.4742866184925365											Democratic_Republic_of_the_Congo/PP_004BNWT.1/2025-09-06																						human			9606																									2025-09-06	2025-09-06	2025-09-06						2025-10-08	Gridion	amplicon sequencing		BLP006				0	0	0	0	48	0	9033	
PP_004BNXR.1	Ebov-2025	2025-09-06	Democratic Republic of the Congo	Kasai	Amuri-Aziza, Adrienne; Luakanda - Ndelemo, Gradi; Makangara-Cigolo, Jean-Claude; Akil-Bandali, Prince; Paku-Tshambu, Princesse; Wilkinson, Sam; Tshulo, Louis; Quick, Josh; Citenga, Andre; Muswamba-Kayembe, Chloe; Ntumba-Tshitenge, Olga; Keita, Mory; Lokilo-Lofiko, Emmanuel; Cikaya-Kankolongo, Fiston; Rilia, Ola; Kimbonza, Servet; Pukuta, Elisabeth; Mukadi, Daniel; Ngandu, Christian; Mossoko, Mathias; Kabamba -Lungenyi, Gabriel; Lumembe-Numbi, Raphael; Mabika-Bope, Elzedeck; Kanyama, Joel; Kitenge, Richard; Mukadi, Patrick; Pratt, Catherine; Mwamba, Dieudonne; Loman, Nick; Rambaut, Andrew; Kinganda-Lusamaki, Eddy; Mumba - Ngoyi, Dieudonne; Muyembe-Tamfum, Jean-Jacques; Ahuka-Mundeke, Steve; Wawina-Bokalanga, Tony; Mbala-Kingebeni, Placide	Institut National de Recherche Biomédicale	Homo sapiens	18789	2025-10-23		PP_004BNXR	1	BLP007	false	eddylusamaki	Pathogen Genomic Lab	232	1761237480	2025-10-23	1761237543	2025-10-23	RESTRICTED	2026-10-23		https://pathoplexus.org/about/terms-of-use/restricted-data	LATEST_VERSION		27														0.9909805369481512											Democratic_Republic_of_the_Congo/PP_004BNXR.1/2025-09-06																						human			9606																									2025-09-06	2025-09-06	2025-09-06						2025-10-08	Gridion	amplicon sequencing		BLP007				0	0	0	0	89	0	1	
PP_004BNYP.1	Ebov-2025	2025-09-06	Democratic Republic of the Congo	Kasai	Amuri-Aziza, Adrienne; Luakanda - Ndelemo, Gradi; Makangara-Cigolo, Jean-Claude; Akil-Bandali, Prince; Paku-Tshambu, Princesse; Wilkinson, Sam; Tshulo, Louis; Quick, Josh; Citenga, Andre; Muswamba-Kayembe, Chloe; Ntumba-Tshitenge, Olga; Keita, Mory; Lokilo-Lofiko, Emmanuel; Cikaya-Kankolongo, Fiston; Rilia, Ola; Kimbonza, Servet; Pukuta, Elisabeth; Mukadi, Daniel; Ngandu, Christian; Mossoko, Mathias; Kabamba -Lungenyi, Gabriel; Lumembe-Numbi, Raphael; Mabika-Bope, Elzedeck; Kanyama, Joel; Kitenge, Richard; Mukadi, Patrick; Pratt, Catherine; Mwamba, Dieudonne; Loman, Nick; Rambaut, Andrew; Kinganda-Lusamaki, Eddy; Mumba - Ngoyi, Dieudonne; Muyembe-Tamfum, Jean-Jacques; Ahuka-Mundeke, Steve; Wawina-Bokalanga, Tony; Mbala-Kingebeni, Placide	Institut National de Recherche Biomédicale	Homo sapiens	18779	2025-10-23		PP_004BNYP	1	BLP008	false	eddylusamaki	Pathogen Genomic Lab	232	1761237480	2025-10-23	1761237543	2025-10-23	RESTRICTED	2026-10-23		https://pathoplexus.org/about/terms-of-use/restricted-data	LATEST_VERSION		27														0.9766865340998998											Democratic_Republic_of_the_Congo/PP_004BNYP.1/2025-09-06																						human			9606																									2025-09-06	2025-09-06	2025-09-06						2025-10-08	Gridion	amplicon sequencing		BLP008				0	0	0	0	86	0	262	
PP_004BNZM.1	Ebov-2025	2025-09-06	Democratic Republic of the Congo	Kasai	Amuri-Aziza, Adrienne; Luakanda - Ndelemo, Gradi; Makangara-Cigolo, Jean-Claude; Akil-Bandali, Prince; Paku-Tshambu, Princesse; Wilkinson, Sam; Tshulo, Louis; Quick, Josh; Citenga, Andre; Muswamba-Kayembe, Chloe; Ntumba-Tshitenge, Olga; Keita, Mory; Lokilo-Lofiko, Emmanuel; Cikaya-Kankolongo, Fiston; Rilia, Ola; Kimbonza, Servet; Pukuta, Elisabeth; Mukadi, Daniel; Ngandu, Christian; Mossoko, Mathias; Kabamba -Lungenyi, Gabriel; Lumembe-Numbi, Raphael; Mabika-Bope, Elzedeck; Kanyama, Joel; Kitenge, Richard; Mukadi, Patrick; Pratt, Catherine; Mwamba, Dieudonne; Loman, Nick; Rambaut, Andrew; Kinganda-Lusamaki, Eddy; Mumba - Ngoyi, Dieudonne; Muyembe-Tamfum, Jean-Jacques; Ahuka-Mundeke, Steve; Wawina-Bokalanga, Tony; Mbala-Kingebeni, Placide	Institut National de Recherche Biomédicale	Homo sapiens	18767	2025-10-23		PP_004BNZM	1	BLP009	false	eddylusamaki	Pathogen Genomic Lab	232	1761237480	2025-10-23	1761237543	2025-10-23	RESTRICTED	2026-10-23		https://pathoplexus.org/about/terms-of-use/restricted-data	LATEST_VERSION		27														0.9889234664275542											Democratic_Republic_of_the_Congo/PP_004BNZM.1/2025-09-06																						human			9606																									2025-09-06	2025-09-06	2025-09-06						2025-10-08	Gridion	amplicon sequencing		BLP009				0	0	0	0	97	0	18	
PP_004BP0K.1	Ebov-2025	2025-09-06	Democratic Republic of the Congo	Kasai	Amuri-Aziza, Adrienne; Luakanda - Ndelemo, Gradi; Makangara-Cigolo, Jean-Claude; Akil-Bandali, Prince; Paku-Tshambu, Princesse; Wilkinson, Sam; Tshulo, Louis; Quick, Josh; Citenga, Andre; Muswamba-Kayembe, Chloe; Ntumba-Tshitenge, Olga; Keita, Mory; Lokilo-Lofiko, Emmanuel; Cikaya-Kankolongo, Fiston; Rilia, Ola; Kimbonza, Servet; Pukuta, Elisabeth; Mukadi, Daniel; Ngandu, Christian; Mossoko, Mathias; Kabamba -Lungenyi, Gabriel; Lumembe-Numbi, Raphael; Mabika-Bope, Elzedeck; Kanyama, Joel; Kitenge, Richard; Mukadi, Patrick; Pratt, Catherine; Mwamba, Dieudonne; Loman, Nick; Rambaut, Andrew; Kinganda-Lusamaki, Eddy; Mumba - Ngoyi, Dieudonne; Muyembe-Tamfum, Jean-Jacques; Ahuka-Mundeke, Steve; Wawina-Bokalanga, Tony; Mbala-Kingebeni, Placide	Institut National de Recherche Biomédicale	Homo sapiens	18789	2025-10-23		PP_004BP0K	1	BLP010	false	eddylusamaki	Pathogen Genomic Lab	232	1761237480	2025-10-23	1761237543	2025-10-23	RESTRICTED	2026-10-23		https://pathoplexus.org/about/terms-of-use/restricted-data	LATEST_VERSION		27														0.9909277915501873											Democratic_Republic_of_the_Congo/PP_004BP0K.1/2025-09-06																						human			9606																									2025-09-06	2025-09-06	2025-09-06						2025-10-08	Gridion	amplicon sequencing		BLP010				0	0	0	0	97	0	2	
PP_004BP1H.1	Ebov-2025	2025-09-06	Democratic Republic of the Congo	Kasai	Amuri-Aziza, Adrienne; Luakanda - Ndelemo, Gradi; Makangara-Cigolo, Jean-Claude; Akil-Bandali, Prince; Paku-Tshambu, Princesse; Wilkinson, Sam; Tshulo, Louis; Quick, Josh; Citenga, Andre; Muswamba-Kayembe, Chloe; Ntumba-Tshitenge, Olga; Keita, Mory; Lokilo-Lofiko, Emmanuel; Cikaya-Kankolongo, Fiston; Rilia, Ola; Kimbonza, Servet; Pukuta, Elisabeth; Mukadi, Daniel; Ngandu, Christian; Mossoko, Mathias; Kabamba -Lungenyi, Gabriel; Lumembe-Numbi, Raphael; Mabika-Bope, Elzedeck; Kanyama, Joel; Kitenge, Richard; Mukadi, Patrick; Pratt, Catherine; Mwamba, Dieudonne; Loman, Nick; Rambaut, Andrew; Kinganda-Lusamaki, Eddy; Mumba - Ngoyi, Dieudonne; Muyembe-Tamfum, Jean-Jacques; Ahuka-Mundeke, Steve; Wawina-Bokalanga, Tony; Mbala-Kingebeni, Placide	Institut National de Recherche Biomédicale	Homo sapiens	18039	2025-10-23		PP_004BP1H	1	BLP011	false	eddylusamaki	Pathogen Genomic Lab	232	1761237480	2025-10-23	1761237543	2025-10-23	RESTRICTED	2026-10-23		https://pathoplexus.org/about/terms-of-use/restricted-data	LATEST_VERSION		27														0.5562529669286355											Democratic_Republic_of_the_Congo/PP_004BP1H.1/2025-09-06																						human			9606																									2025-09-06	2025-09-06	2025-09-06						2025-10-08	Gridion	amplicon sequencing		BLP011				0	0	0	0	56	0	7493	
PP_004BP2F.1	Ebov-2025	2025-09-06	Democratic Republic of the Congo	Kasai	Amuri-Aziza, Adrienne; Luakanda - Ndelemo, Gradi; Makangara-Cigolo, Jean-Claude; Akil-Bandali, Prince; Paku-Tshambu, Princesse; Wilkinson, Sam; Tshulo, Louis; Quick, Josh; Citenga, Andre; Muswamba-Kayembe, Chloe; Ntumba-Tshitenge, Olga; Keita, Mory; Lokilo-Lofiko, Emmanuel; Cikaya-Kankolongo, Fiston; Rilia, Ola; Kimbonza, Servet; Pukuta, Elisabeth; Mukadi, Daniel; Ngandu, Christian; Mossoko, Mathias; Kabamba -Lungenyi, Gabriel; Lumembe-Numbi, Raphael; Mabika-Bope, Elzedeck; Kanyama, Joel; Kitenge, Richard; Mukadi, Patrick; Pratt, Catherine; Mwamba, Dieudonne; Loman, Nick; Rambaut, Andrew; Kinganda-Lusamaki, Eddy; Mumba - Ngoyi, Dieudonne; Muyembe-Tamfum, Jean-Jacques; Ahuka-Mundeke, Steve; Wawina-Bokalanga, Tony; Mbala-Kingebeni, Placide	Institut National de Recherche Biomédicale	Homo sapiens	18006	2025-10-23		PP_004BP2F	1	BLP012	false	eddylusamaki	Pathogen Genomic Lab	232	1761237480	2025-10-23	1761237543	2025-10-23	RESTRICTED	2026-10-23		https://pathoplexus.org/about/terms-of-use/restricted-data	LATEST_VERSION		27														0.5711271691544912											Democratic_Republic_of_the_Congo/PP_004BP2F.1/2025-09-06																						human			9606																									2025-09-06	2025-09-06	2025-09-06						2025-10-08	Gridion	amplicon sequencing		BLP012				0	0	0	0	57	0	7178	
PP_004BP3D.1	Ebov-2025	2025-09-07	Democratic Republic of the Congo	Kasai	Amuri-Aziza, Adrienne; Luakanda - Ndelemo, Gradi; Makangara-Cigolo, Jean-Claude; Akil-Bandali, Prince; Paku-Tshambu, Princesse; Wilkinson, Sam; Tshulo, Louis; Quick, Josh; Citenga, Andre; Muswamba-Kayembe, Chloe; Ntumba-Tshitenge, Olga; Keita, Mory; Lokilo-Lofiko, Emmanuel; Cikaya-Kankolongo, Fiston; Rilia, Ola; Kimbonza, Servet; Pukuta, Elisabeth; Mukadi, Daniel; Ngandu, Christian; Mossoko, Mathias; Kabamba -Lungenyi, Gabriel; Lumembe-Numbi, Raphael; Mabika-Bope, Elzedeck; Kanyama, Joel; Kitenge, Richard; Mukadi, Patrick; Pratt, Catherine; Mwamba, Dieudonne; Loman, Nick; Rambaut, Andrew; Kinganda-Lusamaki, Eddy; Mumba - Ngoyi, Dieudonne; Muyembe-Tamfum, Jean-Jacques; Ahuka-Mundeke, Steve; Wawina-Bokalanga, Tony; Mbala-Kingebeni, Placide	Institut National de Recherche Biomédicale	Homo sapiens	18039	2025-10-23		PP_004BP3D	1	BLP015	false	eddylusamaki	Pathogen Genomic Lab	232	1761237480	2025-10-23	1761237543	2025-10-23	RESTRICTED	2026-10-23		https://pathoplexus.org/about/terms-of-use/restricted-data	LATEST_VERSION		27														0.738488316894351											Democratic_Republic_of_the_Congo/PP_004BP3D.1/2025-09-07																						human			9606																									2025-09-07	2025-09-07	2025-09-07						2025-10-08	Gridion	amplicon sequencing		BLP015				0	0	0	0	68	0	4038	
PP_004BP4B.1	Ebov-2025	2025-09-07	Democratic Republic of the Congo	Kasai	Amuri-Aziza, Adrienne; Luakanda - Ndelemo, Gradi; Makangara-Cigolo, Jean-Claude; Akil-Bandali, Prince; Paku-Tshambu, Princesse; Wilkinson, Sam; Tshulo, Louis; Quick, Josh; Citenga, Andre; Muswamba-Kayembe, Chloe; Ntumba-Tshitenge, Olga; Keita, Mory; Lokilo-Lofiko, Emmanuel; Cikaya-Kankolongo, Fiston; Rilia, Ola; Kimbonza, Servet; Pukuta, Elisabeth; Mukadi, Daniel; Ngandu, Christian; Mossoko, Mathias; Kabamba -Lungenyi, Gabriel; Lumembe-Numbi, Raphael; Mabika-Bope, Elzedeck; Kanyama, Joel; Kitenge, Richard; Mukadi, Patrick; Pratt, Catherine; Mwamba, Dieudonne; Loman, Nick; Rambaut, Andrew; Kinganda-Lusamaki, Eddy; Mumba - Ngoyi, Dieudonne; Muyembe-Tamfum, Jean-Jacques; Ahuka-Mundeke, Steve; Wawina-Bokalanga, Tony; Mbala-Kingebeni, Placide	Institut National de Recherche Biomédicale	Homo sapiens	17938	2025-10-23		PP_004BP4B	1	BLP017	false	eddylusamaki	Pathogen Genomic Lab	232	1761237480	2025-10-23	1761237543	2025-10-23	RESTRICTED	2026-10-23		https://pathoplexus.org/about/terms-of-use/restricted-data	LATEST_VERSION		27														0.4532412047048895											Democratic_Republic_of_the_Congo/PP_004BP4B.1/2025-09-07																						human			9606																									2025-09-07	2025-09-07	2025-09-07						2025-10-08	Gridion	amplicon sequencing		BLP017				0	0	0	0	44	0	9345	
PP_004BP59.1	Ebov-2025	2025-09-07	Democratic Republic of the Congo	Kasai	Amuri-Aziza, Adrienne; Luakanda - Ndelemo, Gradi; Makangara-Cigolo, Jean-Claude; Akil-Bandali, Prince; Paku-Tshambu, Princesse; Wilkinson, Sam; Tshulo, Louis; Quick, Josh; Citenga, Andre; Muswamba-Kayembe, Chloe; Ntumba-Tshitenge, Olga; Keita, Mory; Lokilo-Lofiko, Emmanuel; Cikaya-Kankolongo, Fiston; Rilia, Ola; Kimbonza, Servet; Pukuta, Elisabeth; Mukadi, Daniel; Ngandu, Christian; Mossoko, Mathias; Kabamba -Lungenyi, Gabriel; Lumembe-Numbi, Raphael; Mabika-Bope, Elzedeck; Kanyama, Joel; Kitenge, Richard; Mukadi, Patrick; Pratt, Catherine; Mwamba, Dieudonne; Loman, Nick; Rambaut, Andrew; Kinganda-Lusamaki, Eddy; Mumba - Ngoyi, Dieudonne; Muyembe-Tamfum, Jean-Jacques; Ahuka-Mundeke, Steve; Wawina-Bokalanga, Tony; Mbala-Kingebeni, Placide	Institut National de Recherche Biomédicale	Homo sapiens	18755	2025-10-23		PP_004BP59	1	BLP018	false	eddylusamaki	Pathogen Genomic Lab	232	1761237480	2025-10-23	1761237543	2025-10-23	RESTRICTED	2026-10-23		https://pathoplexus.org/about/terms-of-use/restricted-data	LATEST_VERSION		27														0.9880795400601298											Democratic_Republic_of_the_Congo/PP_004BP59.1/2025-09-07																						human			9606																									2025-09-07	2025-09-07	2025-09-07						2025-10-08	Gridion	amplicon sequencing		BLP018				0	0	0	0	89	0	22	
PP_004BP67.1	Ebov-2025	2025-09-08	Democratic Republic of the Congo	Kasai	Amuri-Aziza, Adrienne; Luakanda - Ndelemo, Gradi; Makangara-Cigolo, Jean-Claude; Akil-Bandali, Prince; Paku-Tshambu, Princesse; Wilkinson, Sam; Tshulo, Louis; Quick, Josh; Citenga, Andre; Muswamba-Kayembe, Chloe; Ntumba-Tshitenge, Olga; Keita, Mory; Lokilo-Lofiko, Emmanuel; Cikaya-Kankolongo, Fiston; Rilia, Ola; Kimbonza, Servet; Pukuta, Elisabeth; Mukadi, Daniel; Ngandu, Christian; Mossoko, Mathias; Kabamba -Lungenyi, Gabriel; Lumembe-Numbi, Raphael; Mabika-Bope, Elzedeck; Kanyama, Joel; Kitenge, Richard; Mukadi, Patrick; Pratt, Catherine; Mwamba, Dieudonne; Loman, Nick; Rambaut, Andrew; Kinganda-Lusamaki, Eddy; Mumba - Ngoyi, Dieudonne; Muyembe-Tamfum, Jean-Jacques; Ahuka-Mundeke, Steve; Wawina-Bokalanga, Tony; Mbala-Kingebeni, Placide	Institut National de Recherche Biomédicale	Homo sapiens	18039	2025-10-23		PP_004BP67	1	BLP022	false	eddylusamaki	Pathogen Genomic Lab	232	1761237480	2025-10-23	1761237543	2025-10-23	RESTRICTED	2026-10-23		https://pathoplexus.org/about/terms-of-use/restricted-data	LATEST_VERSION		27														0.7903370430929901											Democratic_Republic_of_the_Congo/PP_004BP67.1/2025-09-08																						human			9606																									2025-09-08	2025-09-08	2025-09-08						2025-10-08	Gridion	amplicon sequencing		BLP022				0	0	0	0	75	0	3055	
PP_004BP75.1	Ebov-2025	2025-09-08	Democratic Republic of the Congo	Kasai	Amuri-Aziza, Adrienne; Luakanda - Ndelemo, Gradi; Makangara-Cigolo, Jean-Claude; Akil-Bandali, Prince; Paku-Tshambu, Princesse; Wilkinson, Sam; Tshulo, Louis; Quick, Josh; Citenga, Andre; Muswamba-Kayembe, Chloe; Ntumba-Tshitenge, Olga; Keita, Mory; Lokilo-Lofiko, Emmanuel; Cikaya-Kankolongo, Fiston; Rilia, Ola; Kimbonza, Servet; Pukuta, Elisabeth; Mukadi, Daniel; Ngandu, Christian; Mossoko, Mathias; Kabamba -Lungenyi, Gabriel; Lumembe-Numbi, Raphael; Mabika-Bope, Elzedeck; Kanyama, Joel; Kitenge, Richard; Mukadi, Patrick; Pratt, Catherine; Mwamba, Dieudonne; Loman, Nick; Rambaut, Andrew; Kinganda-Lusamaki, Eddy; Mumba - Ngoyi, Dieudonne; Muyembe-Tamfum, Jean-Jacques; Ahuka-Mundeke, Steve; Wawina-Bokalanga, Tony; Mbala-Kingebeni, Placide	Institut National de Recherche Biomédicale	Homo sapiens	18716	2025-10-23		PP_004BP75	1	BLP023	false	eddylusamaki	Pathogen Genomic Lab	232	1761237480	2025-10-23	1761237543	2025-10-23	RESTRICTED	2026-10-23		https://pathoplexus.org/about/terms-of-use/restricted-data	LATEST_VERSION		27														0.940872408882325											Democratic_Republic_of_the_Congo/PP_004BP75.1/2025-09-08																						human			9606																									2025-09-08	2025-09-08	2025-09-08						2025-10-08	Gridion	amplicon sequencing		BLP023				0	1	0	0	89	0	879	
PP_004BP83.1	Ebov-2025	2025-09-08	Democratic Republic of the Congo	Kasai	Amuri-Aziza, Adrienne; Luakanda - Ndelemo, Gradi; Makangara-Cigolo, Jean-Claude; Akil-Bandali, Prince; Paku-Tshambu, Princesse; Wilkinson, Sam; Tshulo, Louis; Quick, Josh; Citenga, Andre; Muswamba-Kayembe, Chloe; Ntumba-Tshitenge, Olga; Keita, Mory; Lokilo-Lofiko, Emmanuel; Cikaya-Kankolongo, Fiston; Rilia, Ola; Kimbonza, Servet; Pukuta, Elisabeth; Mukadi, Daniel; Ngandu, Christian; Mossoko, Mathias; Kabamba -Lungenyi, Gabriel; Lumembe-Numbi, Raphael; Mabika-Bope, Elzedeck; Kanyama, Joel; Kitenge, Richard; Mukadi, Patrick; Pratt, Catherine; Mwamba, Dieudonne; Loman, Nick; Rambaut, Andrew; Kinganda-Lusamaki, Eddy; Mumba - Ngoyi, Dieudonne; Muyembe-Tamfum, Jean-Jacques; Ahuka-Mundeke, Steve; Wawina-Bokalanga, Tony; Mbala-Kingebeni, Placide	Institut National de Recherche Biomédicale	Homo sapiens	18697	2025-10-23		PP_004BP83	1	BLP024	false	eddylusamaki	Pathogen Genomic Lab	232	1761237480	2025-10-23	1761237543	2025-10-23	RESTRICTED	2026-10-23		https://pathoplexus.org/about/terms-of-use/restricted-data	LATEST_VERSION		27														0.9261036974523973											Democratic_Republic_of_the_Congo/PP_004BP83.1/2025-09-08																						human			9606																									2025-09-08	2025-09-08	2025-09-08						2025-10-08	Gridion	amplicon sequencing		BLP024				0	1	0	0	87	0	1140	
PP_004BP91.1	Ebov-2025	2025-09-08	Democratic Republic of the Congo	Kasai	Amuri-Aziza, Adrienne; Luakanda - Ndelemo, Gradi; Makangara-Cigolo, Jean-Claude; Akil-Bandali, Prince; Paku-Tshambu, Princesse; Wilkinson, Sam; Tshulo, Louis; Quick, Josh; Citenga, Andre; Muswamba-Kayembe, Chloe; Ntumba-Tshitenge, Olga; Keita, Mory; Lokilo-Lofiko, Emmanuel; Cikaya-Kankolongo, Fiston; Rilia, Ola; Kimbonza, Servet; Pukuta, Elisabeth; Mukadi, Daniel; Ngandu, Christian; Mossoko, Mathias; Kabamba -Lungenyi, Gabriel; Lumembe-Numbi, Raphael; Mabika-Bope, Elzedeck; Kanyama, Joel; Kitenge, Richard; Mukadi, Patrick; Pratt, Catherine; Mwamba, Dieudonne; Loman, Nick; Rambaut, Andrew; Kinganda-Lusamaki, Eddy; Mumba - Ngoyi, Dieudonne; Muyembe-Tamfum, Jean-Jacques; Ahuka-Mundeke, Steve; Wawina-Bokalanga, Tony; Mbala-Kingebeni, Placide	Institut National de Recherche Biomédicale	Homo sapiens	18753	2025-10-23		PP_004BP91	1	BLP025	false	eddylusamaki	Pathogen Genomic Lab	232	1761237480	2025-10-23	1761237543	2025-10-23	RESTRICTED	2026-10-23		https://pathoplexus.org/about/terms-of-use/restricted-data	LATEST_VERSION		27														0.921884065615275											Democratic_Republic_of_the_Congo/PP_004BP91.1/2025-09-08																						human			9606																									2025-09-08	2025-09-08	2025-09-08						2025-10-08	Gridion	amplicon sequencing		BLP025				0	1	0	0	87	0	1276	
PP_004BPAZ.1	Ebov-2025	2025-09-08	Democratic Republic of the Congo	Kasai	Amuri-Aziza, Adrienne; Luakanda - Ndelemo, Gradi; Makangara-Cigolo, Jean-Claude; Akil-Bandali, Prince; Paku-Tshambu, Princesse; Wilkinson, Sam; Tshulo, Louis; Quick, Josh; Citenga, Andre; Muswamba-Kayembe, Chloe; Ntumba-Tshitenge, Olga; Keita, Mory; Lokilo-Lofiko, Emmanuel; Cikaya-Kankolongo, Fiston; Rilia, Ola; Kimbonza, Servet; Pukuta, Elisabeth; Mukadi, Daniel; Ngandu, Christian; Mossoko, Mathias; Kabamba -Lungenyi, Gabriel; Lumembe-Numbi, Raphael; Mabika-Bope, Elzedeck; Kanyama, Joel; Kitenge, Richard; Mukadi, Patrick; Pratt, Catherine; Mwamba, Dieudonne; Loman, Nick; Rambaut, Andrew; Kinganda-Lusamaki, Eddy; Mumba - Ngoyi, Dieudonne; Muyembe-Tamfum, Jean-Jacques; Ahuka-Mundeke, Steve; Wawina-Bokalanga, Tony; Mbala-Kingebeni, Placide	Institut National de Recherche Biomédicale	Homo sapiens	18522	2025-10-23		PP_004BPAZ	1	BLP026	false	eddylusamaki	Pathogen Genomic Lab	232	1761237480	2025-10-23	1761237543	2025-10-23	RESTRICTED	2026-10-23		https://pathoplexus.org/about/terms-of-use/restricted-data	LATEST_VERSION		27														0.9134975473389947											Democratic_Republic_of_the_Congo/PP_004BPAZ.1/2025-09-08																						human			9606																									2025-09-08	2025-09-08	2025-09-08						2025-10-08	Gridion	amplicon sequencing		BLP026				0	1	0	0	82	0	1204	
PP_004BPBX.1	Ebov-2025	2025-09-08	Democratic Republic of the Congo	Kasai	Amuri-Aziza, Adrienne; Luakanda - Ndelemo, Gradi; Makangara-Cigolo, Jean-Claude; Akil-Bandali, Prince; Paku-Tshambu, Princesse; Wilkinson, Sam; Tshulo, Louis; Quick, Josh; Citenga, Andre; Muswamba-Kayembe, Chloe; Ntumba-Tshitenge, Olga; Keita, Mory; Lokilo-Lofiko, Emmanuel; Cikaya-Kankolongo, Fiston; Rilia, Ola; Kimbonza, Servet; Pukuta, Elisabeth; Mukadi, Daniel; Ngandu, Christian; Mossoko, Mathias; Kabamba -Lungenyi, Gabriel; Lumembe-Numbi, Raphael; Mabika-Bope, Elzedeck; Kanyama, Joel; Kitenge, Richard; Mukadi, Patrick; Pratt, Catherine; Mwamba, Dieudonne; Loman, Nick; Rambaut, Andrew; Kinganda-Lusamaki, Eddy; Mumba - Ngoyi, Dieudonne; Muyembe-Tamfum, Jean-Jacques; Ahuka-Mundeke, Steve; Wawina-Bokalanga, Tony; Mbala-Kingebeni, Placide	Institut National de Recherche Biomédicale	Homo sapiens	18040	2025-10-23		PP_004BPBX	1	BLP027	false	eddylusamaki	Pathogen Genomic Lab	232	1761237480	2025-10-23	1761237543	2025-10-23	RESTRICTED	2026-10-23		https://pathoplexus.org/about/terms-of-use/restricted-data	LATEST_VERSION		27														0.8389155546178596											Democratic_Republic_of_the_Congo/PP_004BPBX.1/2025-09-08																						human			9606																									2025-09-08	2025-09-08	2025-09-08						2025-10-08	Gridion	amplicon sequencing		BLP027				0	0	0	0	78	0	2135	
PP_004BPCV.1	Ebov-2025	2025-09-09	Democratic Republic of the Congo	Kasai	Amuri-Aziza, Adrienne; Luakanda - Ndelemo, Gradi; Makangara-Cigolo, Jean-Claude; Akil-Bandali, Prince; Paku-Tshambu, Princesse; Wilkinson, Sam; Tshulo, Louis; Quick, Josh; Citenga, Andre; Muswamba-Kayembe, Chloe; Ntumba-Tshitenge, Olga; Keita, Mory; Lokilo-Lofiko, Emmanuel; Cikaya-Kankolongo, Fiston; Rilia, Ola; Kimbonza, Servet; Pukuta, Elisabeth; Mukadi, Daniel; Ngandu, Christian; Mossoko, Mathias; Kabamba -Lungenyi, Gabriel; Lumembe-Numbi, Raphael; Mabika-Bope, Elzedeck; Kanyama, Joel; Kitenge, Richard; Mukadi, Patrick; Pratt, Catherine; Mwamba, Dieudonne; Loman, Nick; Rambaut, Andrew; Kinganda-Lusamaki, Eddy; Mumba - Ngoyi, Dieudonne; Muyembe-Tamfum, Jean-Jacques; Ahuka-Mundeke, Steve; Wawina-Bokalanga, Tony; Mbala-Kingebeni, Placide	Institut National de Recherche Biomédicale	Homo sapiens	18717	2025-10-23		PP_004BPCV	1	BLP033	false	eddylusamaki	Pathogen Genomic Lab	232	1761237480	2025-10-23	1761237543	2025-10-23	RESTRICTED	2026-10-23		https://pathoplexus.org/about/terms-of-use/restricted-data	LATEST_VERSION		27														0.9775304604673243											Democratic_Republic_of_the_Congo/PP_004BPCV.1/2025-09-09																						human			9606																									2025-09-09	2025-09-09	2025-09-09						2025-10-08	Gridion	amplicon sequencing		BLP033				0	0	0	0	93	0	184	
PP_004BPDT.1	Ebov-2025	2025-09-09	Democratic Republic of the Congo	Kasai	Amuri-Aziza, Adrienne; Luakanda - Ndelemo, Gradi; Makangara-Cigolo, Jean-Claude; Akil-Bandali, Prince; Paku-Tshambu, Princesse; Wilkinson, Sam; Tshulo, Louis; Quick, Josh; Citenga, Andre; Muswamba-Kayembe, Chloe; Ntumba-Tshitenge, Olga; Keita, Mory; Lokilo-Lofiko, Emmanuel; Cikaya-Kankolongo, Fiston; Rilia, Ola; Kimbonza, Servet; Pukuta, Elisabeth; Mukadi, Daniel; Ngandu, Christian; Mossoko, Mathias; Kabamba -Lungenyi, Gabriel; Lumembe-Numbi, Raphael; Mabika-Bope, Elzedeck; Kanyama, Joel; Kitenge, Richard; Mukadi, Patrick; Pratt, Catherine; Mwamba, Dieudonne; Loman, Nick; Rambaut, Andrew; Kinganda-Lusamaki, Eddy; Mumba - Ngoyi, Dieudonne; Muyembe-Tamfum, Jean-Jacques; Ahuka-Mundeke, Steve; Wawina-Bokalanga, Tony; Mbala-Kingebeni, Placide	Institut National de Recherche Biomédicale	Homo sapiens	18412	2025-10-23		PP_004BPDT	1	BLP034	false	eddylusamaki	Pathogen Genomic Lab	232	1761237480	2025-10-23	1761237543	2025-10-23	RESTRICTED	2026-10-23		https://pathoplexus.org/about/terms-of-use/restricted-data	LATEST_VERSION		27														0.9305870562793396											Democratic_Republic_of_the_Congo/PP_004BPDT.1/2025-09-09																						human			9606																									2025-09-09	2025-09-09	2025-09-09						2025-10-08	Gridion	amplicon sequencing		BLP034				0	1	0	0	87	0	770	
PP_004BPER.1	Ebov-2025	2025-09-09	Democratic Republic of the Congo	Kasai	Amuri-Aziza, Adrienne; Luakanda - Ndelemo, Gradi; Makangara-Cigolo, Jean-Claude; Akil-Bandali, Prince; Paku-Tshambu, Princesse; Wilkinson, Sam; Tshulo, Louis; Quick, Josh; Citenga, Andre; Muswamba-Kayembe, Chloe; Ntumba-Tshitenge, Olga; Keita, Mory; Lokilo-Lofiko, Emmanuel; Cikaya-Kankolongo, Fiston; Rilia, Ola; Kimbonza, Servet; Pukuta, Elisabeth; Mukadi, Daniel; Ngandu, Christian; Mossoko, Mathias; Kabamba -Lungenyi, Gabriel; Lumembe-Numbi, Raphael; Mabika-Bope, Elzedeck; Kanyama, Joel; Kitenge, Richard; Mukadi, Patrick; Pratt, Catherine; Mwamba, Dieudonne; Loman, Nick; Rambaut, Andrew; Kinganda-Lusamaki, Eddy; Mumba - Ngoyi, Dieudonne; Muyembe-Tamfum, Jean-Jacques; Ahuka-Mundeke, Steve; Wawina-Bokalanga, Tony; Mbala-Kingebeni, Placide	Institut National de Recherche Biomédicale	Homo sapiens	18770	2025-10-23		PP_004BPER	1	BLP035	false	eddylusamaki	Pathogen Genomic Lab	232	1761237480	2025-10-23	1761237543	2025-10-23	RESTRICTED	2026-10-23		https://pathoplexus.org/about/terms-of-use/restricted-data	LATEST_VERSION		27														0.9888707210295902											Democratic_Republic_of_the_Congo/PP_004BPER.1/2025-09-09																						human			9606																									2025-09-09	2025-09-09	2025-09-09						2025-10-08	Gridion	amplicon sequencing		BLP035				0	0	0	0	90	0	22	
PP_004BPFP.1	Ebov-2025	2025-09-09	Democratic Republic of the Congo	Kasai	Amuri-Aziza, Adrienne; Luakanda - Ndelemo, Gradi; Makangara-Cigolo, Jean-Claude; Akil-Bandali, Prince; Paku-Tshambu, Princesse; Wilkinson, Sam; Tshulo, Louis; Quick, Josh; Citenga, Andre; Muswamba-Kayembe, Chloe; Ntumba-Tshitenge, Olga; Keita, Mory; Lokilo-Lofiko, Emmanuel; Cikaya-Kankolongo, Fiston; Rilia, Ola; Kimbonza, Servet; Pukuta, Elisabeth; Mukadi, Daniel; Ngandu, Christian; Mossoko, Mathias; Kabamba -Lungenyi, Gabriel; Lumembe-Numbi, Raphael; Mabika-Bope, Elzedeck; Kanyama, Joel; Kitenge, Richard; Mukadi, Patrick; Pratt, Catherine; Mwamba, Dieudonne; Loman, Nick; Rambaut, Andrew; Kinganda-Lusamaki, Eddy; Mumba - Ngoyi, Dieudonne; Muyembe-Tamfum, Jean-Jacques; Ahuka-Mundeke, Steve; Wawina-Bokalanga, Tony; Mbala-Kingebeni, Placide	Institut National de Recherche Biomédicale	Homo sapiens	18795	2025-10-23		PP_004BPFP	1	BLP037	false	eddylusamaki	Pathogen Genomic Lab	232	1761237480	2025-10-23	1761237543	2025-10-23	RESTRICTED	2026-10-23		https://pathoplexus.org/about/terms-of-use/restricted-data	LATEST_VERSION		27														0.9887652302336621											Democratic_Republic_of_the_Congo/PP_004BPFP.1/2025-09-09																						human			9606																									2025-09-09	2025-09-09	2025-09-09						2025-10-08	Gridion	amplicon sequencing		BLP037				0	0	0	6	92	0	43	
PP_004BPGM.1	Ebov-2025	2025-09-11	Democratic Republic of the Congo	Kasai	Amuri-Aziza, Adrienne; Luakanda - Ndelemo, Gradi; Makangara-Cigolo, Jean-Claude; Akil-Bandali, Prince; Paku-Tshambu, Princesse; Wilkinson, Sam; Tshulo, Louis; Quick, Josh; Citenga, Andre; Muswamba-Kayembe, Chloe; Ntumba-Tshitenge, Olga; Keita, Mory; Lokilo-Lofiko, Emmanuel; Cikaya-Kankolongo, Fiston; Rilia, Ola; Kimbonza, Servet; Pukuta, Elisabeth; Mukadi, Daniel; Ngandu, Christian; Mossoko, Mathias; Kabamba -Lungenyi, Gabriel; Lumembe-Numbi, Raphael; Mabika-Bope, Elzedeck; Kanyama, Joel; Kitenge, Richard; Mukadi, Patrick; Pratt, Catherine; Mwamba, Dieudonne; Loman, Nick; Rambaut, Andrew; Kinganda-Lusamaki, Eddy; Mumba - Ngoyi, Dieudonne; Muyembe-Tamfum, Jean-Jacques; Ahuka-Mundeke, Steve; Wawina-Bokalanga, Tony; Mbala-Kingebeni, Placide	Institut National de Recherche Biomédicale	Homo sapiens	18782	2025-10-23		PP_004BPGM	1	BLP045	false	eddylusamaki	Pathogen Genomic Lab	232	1761237480	2025-10-23	1761237543	2025-10-23	RESTRICTED	2026-10-23		https://pathoplexus.org/about/terms-of-use/restricted-data	LATEST_VERSION		27														0.9802204757634896											Democratic_Republic_of_the_Congo/PP_004BPGM.1/2025-09-11																						human			9606																									2025-09-11	2025-09-11	2025-09-11						2025-10-08	Gridion	amplicon sequencing		BLP045				0	0	0	6	92	0	192	
PP_004BPHJ.1	Ebov-2025	2025-09-12	Democratic Republic of the Congo	Kasai	Amuri-Aziza, Adrienne; Luakanda - Ndelemo, Gradi; Makangara-Cigolo, Jean-Claude; Akil-Bandali, Prince; Paku-Tshambu, Princesse; Wilkinson, Sam; Tshulo, Louis; Quick, Josh; Citenga, Andre; Muswamba-Kayembe, Chloe; Ntumba-Tshitenge, Olga; Keita, Mory; Lokilo-Lofiko, Emmanuel; Cikaya-Kankolongo, Fiston; Rilia, Ola; Kimbonza, Servet; Pukuta, Elisabeth; Mukadi, Daniel; Ngandu, Christian; Mossoko, Mathias; Kabamba -Lungenyi, Gabriel; Lumembe-Numbi, Raphael; Mabika-Bope, Elzedeck; Kanyama, Joel; Kitenge, Richard; Mukadi, Patrick; Pratt, Catherine; Mwamba, Dieudonne; Loman, Nick; Rambaut, Andrew; Kinganda-Lusamaki, Eddy; Mumba - Ngoyi, Dieudonne; Muyembe-Tamfum, Jean-Jacques; Ahuka-Mundeke, Steve; Wawina-Bokalanga, Tony; Mbala-Kingebeni, Placide	Institut National de Recherche Biomédicale	Homo sapiens	18717	2025-10-23		PP_004BPHJ	1	BLP047	false	eddylusamaki	Pathogen Genomic Lab	232	1761237480	2025-10-23	1761237543	2025-10-23	RESTRICTED	2026-10-23		https://pathoplexus.org/about/terms-of-use/restricted-data	LATEST_VERSION		27														0.9572234822511736											Democratic_Republic_of_the_Congo/PP_004BPHJ.1/2025-09-12																						human			9606																									2025-09-12	2025-09-12	2025-09-12						2025-10-08	Gridion	amplicon sequencing		BLP047				0	0	0	0	90	0	569	
PP_004BPJG.1	Ebov-2025	2025-09-12	Democratic Republic of the Congo	Kasai	Amuri-Aziza, Adrienne; Luakanda - Ndelemo, Gradi; Makangara-Cigolo, Jean-Claude; Akil-Bandali, Prince; Paku-Tshambu, Princesse; Wilkinson, Sam; Tshulo, Louis; Quick, Josh; Citenga, Andre; Muswamba-Kayembe, Chloe; Ntumba-Tshitenge, Olga; Keita, Mory; Lokilo-Lofiko, Emmanuel; Cikaya-Kankolongo, Fiston; Rilia, Ola; Kimbonza, Servet; Pukuta, Elisabeth; Mukadi, Daniel; Ngandu, Christian; Mossoko, Mathias; Kabamba -Lungenyi, Gabriel; Lumembe-Numbi, Raphael; Mabika-Bope, Elzedeck; Kanyama, Joel; Kitenge, Richard; Mukadi, Patrick; Pratt, Catherine; Mwamba, Dieudonne; Loman, Nick; Rambaut, Andrew; Kinganda-Lusamaki, Eddy; Mumba - Ngoyi, Dieudonne; Muyembe-Tamfum, Jean-Jacques; Ahuka-Mundeke, Steve; Wawina-Bokalanga, Tony; Mbala-Kingebeni, Placide	Institut National de Recherche Biomédicale	Homo sapiens	18754	2025-10-23		PP_004BPJG	1	BLP048	false	eddylusamaki	Pathogen Genomic Lab	232	1761237480	2025-10-23	1761237543	2025-10-23	RESTRICTED	2026-10-23		https://pathoplexus.org/about/terms-of-use/restricted-data	LATEST_VERSION		27														0.9746822089772668											Democratic_Republic_of_the_Congo/PP_004BPJG.1/2025-09-12																						human			9606																									2025-09-12	2025-09-12	2025-09-12						2025-10-08	Gridion	amplicon sequencing		BLP048				0	0	0	0	86	0	275	
PP_004BPKE.1	Ebov-2025	2025-09-12	Democratic Republic of the Congo	Kasai	Amuri-Aziza, Adrienne; Luakanda - Ndelemo, Gradi; Makangara-Cigolo, Jean-Claude; Akil-Bandali, Prince; Paku-Tshambu, Princesse; Wilkinson, Sam; Tshulo, Louis; Quick, Josh; Citenga, Andre; Muswamba-Kayembe, Chloe; Ntumba-Tshitenge, Olga; Keita, Mory; Lokilo-Lofiko, Emmanuel; Cikaya-Kankolongo, Fiston; Rilia, Ola; Kimbonza, Servet; Pukuta, Elisabeth; Mukadi, Daniel; Ngandu, Christian; Mossoko, Mathias; Kabamba -Lungenyi, Gabriel; Lumembe-Numbi, Raphael; Mabika-Bope, Elzedeck; Kanyama, Joel; Kitenge, Richard; Mukadi, Patrick; Pratt, Catherine; Mwamba, Dieudonne; Loman, Nick; Rambaut, Andrew; Kinganda-Lusamaki, Eddy; Mumba - Ngoyi, Dieudonne; Muyembe-Tamfum, Jean-Jacques; Ahuka-Mundeke, Steve; Wawina-Bokalanga, Tony; Mbala-Kingebeni, Placide	Institut National de Recherche Biomédicale	Homo sapiens	18485	2025-10-23		PP_004BPKE	1	BLP054	false	eddylusamaki	Pathogen Genomic Lab	232	1761237480	2025-10-23	1761237543	2025-10-23	RESTRICTED	2026-10-23		https://pathoplexus.org/about/terms-of-use/restricted-data	LATEST_VERSION		27														0.9226752465847354											Democratic_Republic_of_the_Congo/PP_004BPKE.1/2025-09-12																						human			9606																									2025-09-12	2025-09-12	2025-09-12						2025-10-08	Gridion	amplicon sequencing		BLP054				0	1	0	0	80	0	993	
PP_004BPLC.1	Ebov-2025	2025-09-12	Democratic Republic of the Congo	Kasai	Amuri-Aziza, Adrienne; Luakanda - Ndelemo, Gradi; Makangara-Cigolo, Jean-Claude; Akil-Bandali, Prince; Paku-Tshambu, Princesse; Wilkinson, Sam; Tshulo, Louis; Quick, Josh; Citenga, Andre; Muswamba-Kayembe, Chloe; Ntumba-Tshitenge, Olga; Keita, Mory; Lokilo-Lofiko, Emmanuel; Cikaya-Kankolongo, Fiston; Rilia, Ola; Kimbonza, Servet; Pukuta, Elisabeth; Mukadi, Daniel; Ngandu, Christian; Mossoko, Mathias; Kabamba -Lungenyi, Gabriel; Lumembe-Numbi, Raphael; Mabika-Bope, Elzedeck; Kanyama, Joel; Kitenge, Richard; Mukadi, Patrick; Pratt, Catherine; Mwamba, Dieudonne; Loman, Nick; Rambaut, Andrew; Kinganda-Lusamaki, Eddy; Mumba - Ngoyi, Dieudonne; Muyembe-Tamfum, Jean-Jacques; Ahuka-Mundeke, Steve; Wawina-Bokalanga, Tony; Mbala-Kingebeni, Placide	Institut National de Recherche Biomédicale	Homo sapiens	18717	2025-10-23		PP_004BPLC	1	BLP058	false	eddylusamaki	Pathogen Genomic Lab	232	1761237480	2025-10-23	1761237543	2025-10-23	RESTRICTED	2026-10-23		https://pathoplexus.org/about/terms-of-use/restricted-data	LATEST_VERSION		27														0.9454612585051955											Democratic_Republic_of_the_Congo/PP_004BPLC.1/2025-09-12																						human			9606																									2025-09-12	2025-09-12	2025-09-12						2025-10-08	Gridion	amplicon sequencing		BLP058				0	0	0	0	83	0	792	
PP_004BPMA.1	Ebov-2025	2025-09-13	Democratic Republic of the Congo	Kasai	Amuri-Aziza, Adrienne; Luakanda - Ndelemo, Gradi; Makangara-Cigolo, Jean-Claude; Akil-Bandali, Prince; Paku-Tshambu, Princesse; Wilkinson, Sam; Tshulo, Louis; Quick, Josh; Citenga, Andre; Muswamba-Kayembe, Chloe; Ntumba-Tshitenge, Olga; Keita, Mory; Lokilo-Lofiko, Emmanuel; Cikaya-Kankolongo, Fiston; Rilia, Ola; Kimbonza, Servet; Pukuta, Elisabeth; Mukadi, Daniel; Ngandu, Christian; Mossoko, Mathias; Kabamba -Lungenyi, Gabriel; Lumembe-Numbi, Raphael; Mabika-Bope, Elzedeck; Kanyama, Joel; Kitenge, Richard; Mukadi, Patrick; Pratt, Catherine; Mwamba, Dieudonne; Loman, Nick; Rambaut, Andrew; Kinganda-Lusamaki, Eddy; Mumba - Ngoyi, Dieudonne; Muyembe-Tamfum, Jean-Jacques; Ahuka-Mundeke, Steve; Wawina-Bokalanga, Tony; Mbala-Kingebeni, Placide	Institut National de Recherche Biomédicale	Homo sapiens	18722	2025-10-23		PP_004BPMA	1	BLP059	false	eddylusamaki	Pathogen Genomic Lab	232	1761237480	2025-10-23	1761237543	2025-10-23	RESTRICTED	2026-10-23		https://pathoplexus.org/about/terms-of-use/restricted-data	LATEST_VERSION		27														0.9262619336462894											Democratic_Republic_of_the_Congo/PP_004BPMA.1/2025-09-13																						human			9606																									2025-09-13	2025-09-13	2025-09-13						2025-10-08	Gridion	amplicon sequencing		BLP059				0	1	0	0	82	0	1162	
PP_004BPN8.1	Ebov-2025	2025-09-13	Democratic Republic of the Congo	Kasai	Amuri-Aziza, Adrienne; Luakanda - Ndelemo, Gradi; Makangara-Cigolo, Jean-Claude; Akil-Bandali, Prince; Paku-Tshambu, Princesse; Wilkinson, Sam; Tshulo, Louis; Quick, Josh; Citenga, Andre; Muswamba-Kayembe, Chloe; Ntumba-Tshitenge, Olga; Keita, Mory; Lokilo-Lofiko, Emmanuel; Cikaya-Kankolongo, Fiston; Rilia, Ola; Kimbonza, Servet; Pukuta, Elisabeth; Mukadi, Daniel; Ngandu, Christian; Mossoko, Mathias; Kabamba -Lungenyi, Gabriel; Lumembe-Numbi, Raphael; Mabika-Bope, Elzedeck; Kanyama, Joel; Kitenge, Richard; Mukadi, Patrick; Pratt, Catherine; Mwamba, Dieudonne; Loman, Nick; Rambaut, Andrew; Kinganda-Lusamaki, Eddy; Mumba - Ngoyi, Dieudonne; Muyembe-Tamfum, Jean-Jacques; Ahuka-Mundeke, Steve; Wawina-Bokalanga, Tony; Mbala-Kingebeni, Placide	Institut National de Recherche Biomédicale	Homo sapiens	18207	2025-10-23		PP_004BPN8	1	BLP072	false	eddylusamaki	Pathogen Genomic Lab	232	1761237480	2025-10-23	1761237543	2025-10-23	RESTRICTED	2026-10-23		https://pathoplexus.org/about/terms-of-use/restricted-data	LATEST_VERSION		27														0.8984651089192468											Democratic_Republic_of_the_Congo/PP_004BPN8.1/2025-09-13																						human			9606																									2025-09-13	2025-09-13	2025-09-13						2025-10-08	Gridion	amplicon sequencing		BLP072				0	0	0	0	76	0	1173	
PP_004BPP6.1	Ebov-2025	2025-09-13	Democratic Republic of the Congo	Kasai	Amuri-Aziza, Adrienne; Luakanda - Ndelemo, Gradi; Makangara-Cigolo, Jean-Claude; Akil-Bandali, Prince; Paku-Tshambu, Princesse; Wilkinson, Sam; Tshulo, Louis; Quick, Josh; Citenga, Andre; Muswamba-Kayembe, Chloe; Ntumba-Tshitenge, Olga; Keita, Mory; Lokilo-Lofiko, Emmanuel; Cikaya-Kankolongo, Fiston; Rilia, Ola; Kimbonza, Servet; Pukuta, Elisabeth; Mukadi, Daniel; Ngandu, Christian; Mossoko, Mathias; Kabamba -Lungenyi, Gabriel; Lumembe-Numbi, Raphael; Mabika-Bope, Elzedeck; Kanyama, Joel; Kitenge, Richard; Mukadi, Patrick; Pratt, Catherine; Mwamba, Dieudonne; Loman, Nick; Rambaut, Andrew; Kinganda-Lusamaki, Eddy; Mumba - Ngoyi, Dieudonne; Muyembe-Tamfum, Jean-Jacques; Ahuka-Mundeke, Steve; Wawina-Bokalanga, Tony; Mbala-Kingebeni, Placide	Institut National de Recherche Biomédicale	Homo sapiens	18040	2025-10-23		PP_004BPP6	1	BLP074	false	eddylusamaki	Pathogen Genomic Lab	232	1761237480	2025-10-23	1761237543	2025-10-23	RESTRICTED	2026-10-23		https://pathoplexus.org/about/terms-of-use/restricted-data	LATEST_VERSION		27														0.6999841763806108											Democratic_Republic_of_the_Congo/PP_004BPP6.1/2025-09-13																						human			9606																									2025-09-13	2025-09-13	2025-09-13						2025-10-08	Gridion	amplicon sequencing		BLP074				0	0	0	0	66	0	4769	
PP_004BPQ4.1	Ebov-2025	2025-09-14	Democratic Republic of the Congo	Kasai	Amuri-Aziza, Adrienne; Luakanda - Ndelemo, Gradi; Makangara-Cigolo, Jean-Claude; Akil-Bandali, Prince; Paku-Tshambu, Princesse; Wilkinson, Sam; Tshulo, Louis; Quick, Josh; Citenga, Andre; Muswamba-Kayembe, Chloe; Ntumba-Tshitenge, Olga; Keita, Mory; Lokilo-Lofiko, Emmanuel; Cikaya-Kankolongo, Fiston; Rilia, Ola; Kimbonza, Servet; Pukuta, Elisabeth; Mukadi, Daniel; Ngandu, Christian; Mossoko, Mathias; Kabamba -Lungenyi, Gabriel; Lumembe-Numbi, Raphael; Mabika-Bope, Elzedeck; Kanyama, Joel; Kitenge, Richard; Mukadi, Patrick; Pratt, Catherine; Mwamba, Dieudonne; Loman, Nick; Rambaut, Andrew; Kinganda-Lusamaki, Eddy; Mumba - Ngoyi, Dieudonne; Muyembe-Tamfum, Jean-Jacques; Ahuka-Mundeke, Steve; Wawina-Bokalanga, Tony; Mbala-Kingebeni, Placide	Institut National de Recherche Biomédicale	Homo sapiens	18789	2025-10-23		PP_004BPQ4	1	BLP083	false	eddylusamaki	Pathogen Genomic Lab	232	1761237480	2025-10-23	1761237543	2025-10-23	RESTRICTED	2026-10-23		https://pathoplexus.org/about/terms-of-use/restricted-data	LATEST_VERSION		27														0.9909277915501873											Democratic_Republic_of_the_Congo/PP_004BPQ4.1/2025-09-14																						human			9606																									2025-09-14	2025-09-14	2025-09-14						2025-10-08	Gridion	amplicon sequencing		BLP083				0	0	0	0	97	0	2	
PP_004BPR2.1	Ebov-2025	2025-09-14	Democratic Republic of the Congo	Kasai	Amuri-Aziza, Adrienne; Luakanda - Ndelemo, Gradi; Makangara-Cigolo, Jean-Claude; Akil-Bandali, Prince; Paku-Tshambu, Princesse; Wilkinson, Sam; Tshulo, Louis; Quick, Josh; Citenga, Andre; Muswamba-Kayembe, Chloe; Ntumba-Tshitenge, Olga; Keita, Mory; Lokilo-Lofiko, Emmanuel; Cikaya-Kankolongo, Fiston; Rilia, Ola; Kimbonza, Servet; Pukuta, Elisabeth; Mukadi, Daniel; Ngandu, Christian; Mossoko, Mathias; Kabamba -Lungenyi, Gabriel; Lumembe-Numbi, Raphael; Mabika-Bope, Elzedeck; Kanyama, Joel; Kitenge, Richard; Mukadi, Patrick; Pratt, Catherine; Mwamba, Dieudonne; Loman, Nick; Rambaut, Andrew; Kinganda-Lusamaki, Eddy; Mumba - Ngoyi, Dieudonne; Muyembe-Tamfum, Jean-Jacques; Ahuka-Mundeke, Steve; Wawina-Bokalanga, Tony; Mbala-Kingebeni, Placide	Institut National de Recherche Biomédicale	Homo sapiens	18040	2025-10-23		PP_004BPR2	1	BLP086	false	eddylusamaki	Pathogen Genomic Lab	232	1761237480	2025-10-23	1761237543	2025-10-23	RESTRICTED	2026-10-23		https://pathoplexus.org/about/terms-of-use/restricted-data	LATEST_VERSION		27														0.7870140830212564											Democratic_Republic_of_the_Congo/PP_004BPR2.1/2025-09-14																						human			9606																									2025-09-14	2025-09-14	2025-09-14						2025-10-08	Gridion	amplicon sequencing		BLP086				0	0	0	0	70	0	3119	
PP_004BPS0.1	Ebov-2025	2025-09-15	Democratic Republic of the Congo	Kasai	Amuri-Aziza, Adrienne; Luakanda - Ndelemo, Gradi; Makangara-Cigolo, Jean-Claude; Akil-Bandali, Prince; Paku-Tshambu, Princesse; Wilkinson, Sam; Tshulo, Louis; Quick, Josh; Citenga, Andre; Muswamba-Kayembe, Chloe; Ntumba-Tshitenge, Olga; Keita, Mory; Lokilo-Lofiko, Emmanuel; Cikaya-Kankolongo, Fiston; Rilia, Ola; Kimbonza, Servet; Pukuta, Elisabeth; Mukadi, Daniel; Ngandu, Christian; Mossoko, Mathias; Kabamba -Lungenyi, Gabriel; Lumembe-Numbi, Raphael; Mabika-Bope, Elzedeck; Kanyama, Joel; Kitenge, Richard; Mukadi, Patrick; Pratt, Catherine; Mwamba, Dieudonne; Loman, Nick; Rambaut, Andrew; Kinganda-Lusamaki, Eddy; Mumba - Ngoyi, Dieudonne; Muyembe-Tamfum, Jean-Jacques; Ahuka-Mundeke, Steve; Wawina-Bokalanga, Tony; Mbala-Kingebeni, Placide	Institut National de Recherche Biomédicale	Homo sapiens	18466	2025-10-23		PP_004BPS0	1	BLP090	false	eddylusamaki	Pathogen Genomic Lab	232	1761237480	2025-10-23	1761237543	2025-10-23	RESTRICTED	2026-10-23		https://pathoplexus.org/about/terms-of-use/restricted-data	LATEST_VERSION		27														0.95036658051585											Democratic_Republic_of_the_Congo/PP_004BPS0.1/2025-09-15																						human			9606																									2025-09-15	2025-09-15	2025-09-15						2025-10-08	Gridion	amplicon sequencing		BLP090				0	0	0	0	83	0	448	
PP_004BPTY.1	Ebov-2025	2025-09-16	Democratic Republic of the Congo	Kasai	Amuri-Aziza, Adrienne; Luakanda - Ndelemo, Gradi; Makangara-Cigolo, Jean-Claude; Akil-Bandali, Prince; Paku-Tshambu, Princesse; Wilkinson, Sam; Tshulo, Louis; Quick, Josh; Citenga, Andre; Muswamba-Kayembe, Chloe; Ntumba-Tshitenge, Olga; Keita, Mory; Lokilo-Lofiko, Emmanuel; Cikaya-Kankolongo, Fiston; Rilia, Ola; Kimbonza, Servet; Pukuta, Elisabeth; Mukadi, Daniel; Ngandu, Christian; Mossoko, Mathias; Kabamba -Lungenyi, Gabriel; Lumembe-Numbi, Raphael; Mabika-Bope, Elzedeck; Kanyama, Joel; Kitenge, Richard; Mukadi, Patrick; Pratt, Catherine; Mwamba, Dieudonne; Loman, Nick; Rambaut, Andrew; Kinganda-Lusamaki, Eddy; Mumba - Ngoyi, Dieudonne; Muyembe-Tamfum, Jean-Jacques; Ahuka-Mundeke, Steve; Wawina-Bokalanga, Tony; Mbala-Kingebeni, Placide	Institut National de Recherche Biomédicale	Homo sapiens	18271	2025-10-23		PP_004BPTY	1	BLP110	false	eddylusamaki	Pathogen Genomic Lab	232	1761237480	2025-10-23	1761237543	2025-10-23	RESTRICTED	2026-10-23		https://pathoplexus.org/about/terms-of-use/restricted-data	LATEST_VERSION		27														0.9204599398702463											Democratic_Republic_of_the_Congo/PP_004BPTY.1/2025-09-16																						human			9606																									2025-09-16	2025-09-16	2025-09-16						2025-10-08	Gridion	amplicon sequencing		BLP110				0	0	0	0	79	0	820	
PP_004BPUW.1	Ebov-2025	2025-09-18	Democratic Republic of the Congo	Kasai	Amuri-Aziza, Adrienne; Luakanda - Ndelemo, Gradi; Makangara-Cigolo, Jean-Claude; Akil-Bandali, Prince; Paku-Tshambu, Princesse; Wilkinson, Sam; Tshulo, Louis; Quick, Josh; Citenga, Andre; Muswamba-Kayembe, Chloe; Ntumba-Tshitenge, Olga; Keita, Mory; Lokilo-Lofiko, Emmanuel; Cikaya-Kankolongo, Fiston; Rilia, Ola; Kimbonza, Servet; Pukuta, Elisabeth; Mukadi, Daniel; Ngandu, Christian; Mossoko, Mathias; Kabamba -Lungenyi, Gabriel; Lumembe-Numbi, Raphael; Mabika-Bope, Elzedeck; Kanyama, Joel; Kitenge, Richard; Mukadi, Patrick; Pratt, Catherine; Mwamba, Dieudonne; Loman, Nick; Rambaut, Andrew; Kinganda-Lusamaki, Eddy; Mumba - Ngoyi, Dieudonne; Muyembe-Tamfum, Jean-Jacques; Ahuka-Mundeke, Steve; Wawina-Bokalanga, Tony; Mbala-Kingebeni, Placide	Institut National de Recherche Biomédicale	Homo sapiens	18040	2025-10-23		PP_004BPUW	1	BLP133	false	eddylusamaki	Pathogen Genomic Lab	232	1761237480	2025-10-23	1761237543	2025-10-23	RESTRICTED	2026-10-23		https://pathoplexus.org/about/terms-of-use/restricted-data	LATEST_VERSION		27														0.8152856163299752											Democratic_Republic_of_the_Congo/PP_004BPUW.1/2025-09-18																						human			9606																									2025-09-18	2025-09-18	2025-09-18						2025-10-08	Gridion	amplicon sequencing		BLP133				0	0	0	0	74	0	2583	
PP_004BPVU.1	Ebov-2025	2025-09-19	Democratic Republic of the Congo	Kasai	Amuri-Aziza, Adrienne; Luakanda - Ndelemo, Gradi; Makangara-Cigolo, Jean-Claude; Akil-Bandali, Prince; Paku-Tshambu, Princesse; Wilkinson, Sam; Tshulo, Louis; Quick, Josh; Citenga, Andre; Muswamba-Kayembe, Chloe; Ntumba-Tshitenge, Olga; Keita, Mory; Lokilo-Lofiko, Emmanuel; Cikaya-Kankolongo, Fiston; Rilia, Ola; Kimbonza, Servet; Pukuta, Elisabeth; Mukadi, Daniel; Ngandu, Christian; Mossoko, Mathias; Kabamba -Lungenyi, Gabriel; Lumembe-Numbi, Raphael; Mabika-Bope, Elzedeck; Kanyama, Joel; Kitenge, Richard; Mukadi, Patrick; Pratt, Catherine; Mwamba, Dieudonne; Loman, Nick; Rambaut, Andrew; Kinganda-Lusamaki, Eddy; Mumba - Ngoyi, Dieudonne; Muyembe-Tamfum, Jean-Jacques; Ahuka-Mundeke, Steve; Wawina-Bokalanga, Tony; Mbala-Kingebeni, Placide	Institut National de Recherche Biomédicale	Homo sapiens	18764	2025-10-23		PP_004BPVU	1	BLP144	false	eddylusamaki	Pathogen Genomic Lab	232	1761237480	2025-10-23	1761237543	2025-10-23	RESTRICTED	2026-10-23		https://pathoplexus.org/about/terms-of-use/restricted-data	LATEST_VERSION		27														0.9717284666912812											Democratic_Republic_of_the_Congo/PP_004BPVU.1/2025-09-19																						human			9606																									2025-09-19	2025-09-19	2025-09-19						2025-10-08	Gridion	amplicon sequencing		BLP144				0	0	0	0	93	0	341	
PP_004BPWS.1	Ebov-2025	2025-09-20	Democratic Republic of the Congo	Kasai	Amuri-Aziza, Adrienne; Luakanda - Ndelemo, Gradi; Makangara-Cigolo, Jean-Claude; Akil-Bandali, Prince; Paku-Tshambu, Princesse; Wilkinson, Sam; Tshulo, Louis; Quick, Josh; Citenga, Andre; Muswamba-Kayembe, Chloe; Ntumba-Tshitenge, Olga; Keita, Mory; Lokilo-Lofiko, Emmanuel; Cikaya-Kankolongo, Fiston; Rilia, Ola; Kimbonza, Servet; Pukuta, Elisabeth; Mukadi, Daniel; Ngandu, Christian; Mossoko, Mathias; Kabamba -Lungenyi, Gabriel; Lumembe-Numbi, Raphael; Mabika-Bope, Elzedeck; Kanyama, Joel; Kitenge, Richard; Mukadi, Patrick; Pratt, Catherine; Mwamba, Dieudonne; Loman, Nick; Rambaut, Andrew; Kinganda-Lusamaki, Eddy; Mumba - Ngoyi, Dieudonne; Muyembe-Tamfum, Jean-Jacques; Ahuka-Mundeke, Steve; Wawina-Bokalanga, Tony; Mbala-Kingebeni, Placide	Institut National de Recherche Biomédicale	Homo sapiens	18203	2025-10-23		PP_004BPWS	1	BLP161	false	eddylusamaki	Pathogen Genomic Lab	232	1761237480	2025-10-23	1761237543	2025-10-23	RESTRICTED	2026-10-23		https://pathoplexus.org/about/terms-of-use/restricted-data	LATEST_VERSION		27														0.8667651247428662											Democratic_Republic_of_the_Congo/PP_004BPWS.1/2025-09-20																						human			9606																									2025-09-20	2025-09-20	2025-09-20						2025-10-08	Gridion	amplicon sequencing		BLP161				0	1	0	0	77	0	1771	
PP_004BPXQ.1	Ebov-2025	2025-09-20	Democratic Republic of the Congo	Kasai	Amuri-Aziza, Adrienne; Luakanda - Ndelemo, Gradi; Makangara-Cigolo, Jean-Claude; Akil-Bandali, Prince; Paku-Tshambu, Princesse; Wilkinson, Sam; Tshulo, Louis; Quick, Josh; Citenga, Andre; Muswamba-Kayembe, Chloe; Ntumba-Tshitenge, Olga; Keita, Mory; Lokilo-Lofiko, Emmanuel; Cikaya-Kankolongo, Fiston; Rilia, Ola; Kimbonza, Servet; Pukuta, Elisabeth; Mukadi, Daniel; Ngandu, Christian; Mossoko, Mathias; Kabamba -Lungenyi, Gabriel; Lumembe-Numbi, Raphael; Mabika-Bope, Elzedeck; Kanyama, Joel; Kitenge, Richard; Mukadi, Patrick; Pratt, Catherine; Mwamba, Dieudonne; Loman, Nick; Rambaut, Andrew; Kinganda-Lusamaki, Eddy; Mumba - Ngoyi, Dieudonne; Muyembe-Tamfum, Jean-Jacques; Ahuka-Mundeke, Steve; Wawina-Bokalanga, Tony; Mbala-Kingebeni, Placide	Institut National de Recherche Biomédicale	Homo sapiens	18789	2025-10-23		PP_004BPXQ	1	BLP165	false	eddylusamaki	Pathogen Genomic Lab	232	1761237480	2025-10-23	1761237543	2025-10-23	RESTRICTED	2026-10-23		https://pathoplexus.org/about/terms-of-use/restricted-data	LATEST_VERSION		27														0.9909277915501873											Democratic_Republic_of_the_Congo/PP_004BPXQ.1/2025-09-20																						human			9606																									2025-09-20	2025-09-20	2025-09-20						2025-10-08	Gridion	amplicon sequencing		BLP165				0	0	0	0	98	0	2	
PP_004BPYN.1	Ebov-2025	2025-09-21	Democratic Republic of the Congo	Kasai	Amuri-Aziza, Adrienne; Luakanda - Ndelemo, Gradi; Makangara-Cigolo, Jean-Claude; Akil-Bandali, Prince; Paku-Tshambu, Princesse; Wilkinson, Sam; Tshulo, Louis; Quick, Josh; Citenga, Andre; Muswamba-Kayembe, Chloe; Ntumba-Tshitenge, Olga; Keita, Mory; Lokilo-Lofiko, Emmanuel; Cikaya-Kankolongo, Fiston; Rilia, Ola; Kimbonza, Servet; Pukuta, Elisabeth; Mukadi, Daniel; Ngandu, Christian; Mossoko, Mathias; Kabamba -Lungenyi, Gabriel; Lumembe-Numbi, Raphael; Mabika-Bope, Elzedeck; Kanyama, Joel; Kitenge, Richard; Mukadi, Patrick; Pratt, Catherine; Mwamba, Dieudonne; Loman, Nick; Rambaut, Andrew; Kinganda-Lusamaki, Eddy; Mumba - Ngoyi, Dieudonne; Muyembe-Tamfum, Jean-Jacques; Ahuka-Mundeke, Steve; Wawina-Bokalanga, Tony; Mbala-Kingebeni, Placide	Institut National de Recherche Biomédicale	Homo sapiens	18566	2025-10-23		PP_004BPYN	1	BLP175	false	eddylusamaki	Pathogen Genomic Lab	232	1761237480	2025-10-23	1761237543	2025-10-23	RESTRICTED	2026-10-23		https://pathoplexus.org/about/terms-of-use/restricted-data	LATEST_VERSION		27														0.8767867503560315											Democratic_Republic_of_the_Congo/PP_004BPYN.1/2025-09-21																						human			9606																									2025-09-21	2025-09-21	2025-08-21						2025-10-08	Gridion	amplicon sequencing		BLP175				0	0	0	5	82	0	1938	
PP_004BPZL.1	Ebov-2025	2025-09-21	Democratic Republic of the Congo	Kasai	Amuri-Aziza, Adrienne; Luakanda - Ndelemo, Gradi; Makangara-Cigolo, Jean-Claude; Akil-Bandali, Prince; Paku-Tshambu, Princesse; Wilkinson, Sam; Tshulo, Louis; Quick, Josh; Citenga, Andre; Muswamba-Kayembe, Chloe; Ntumba-Tshitenge, Olga; Keita, Mory; Lokilo-Lofiko, Emmanuel; Cikaya-Kankolongo, Fiston; Rilia, Ola; Kimbonza, Servet; Pukuta, Elisabeth; Mukadi, Daniel; Ngandu, Christian; Mossoko, Mathias; Kabamba -Lungenyi, Gabriel; Lumembe-Numbi, Raphael; Mabika-Bope, Elzedeck; Kanyama, Joel; Kitenge, Richard; Mukadi, Patrick; Pratt, Catherine; Mwamba, Dieudonne; Loman, Nick; Rambaut, Andrew; Kinganda-Lusamaki, Eddy; Mumba - Ngoyi, Dieudonne; Muyembe-Tamfum, Jean-Jacques; Ahuka-Mundeke, Steve; Wawina-Bokalanga, Tony; Mbala-Kingebeni, Placide	Institut National de Recherche Biomédicale	Homo sapiens	18699	2025-10-23		PP_004BPZL	1	BLP180	false	eddylusamaki	Pathogen Genomic Lab	232	1761237480	2025-10-23	1761237543	2025-10-23	RESTRICTED	2026-10-23		https://pathoplexus.org/about/terms-of-use/restricted-data	LATEST_VERSION		27														0.944670077535735											Democratic_Republic_of_the_Congo/PP_004BPZL.1/2025-09-21																						human			9606																									2025-09-21	2025-09-21	2025-09-21						2025-10-08	Gridion	amplicon sequencing		BLP180				0	1	0	0	91	0	790	
PP_004BQ0J.1	Ebov-2025	2025-09-21	Democratic Republic of the Congo	Kasai	Amuri-Aziza, Adrienne; Luakanda - Ndelemo, Gradi; Makangara-Cigolo, Jean-Claude; Akil-Bandali, Prince; Paku-Tshambu, Princesse; Wilkinson, Sam; Tshulo, Louis; Quick, Josh; Citenga, Andre; Muswamba-Kayembe, Chloe; Ntumba-Tshitenge, Olga; Keita, Mory; Lokilo-Lofiko, Emmanuel; Cikaya-Kankolongo, Fiston; Rilia, Ola; Kimbonza, Servet; Pukuta, Elisabeth; Mukadi, Daniel; Ngandu, Christian; Mossoko, Mathias; Kabamba -Lungenyi, Gabriel; Lumembe-Numbi, Raphael; Mabika-Bope, Elzedeck; Kanyama, Joel; Kitenge, Richard; Mukadi, Patrick; Pratt, Catherine; Mwamba, Dieudonne; Loman, Nick; Rambaut, Andrew; Kinganda-Lusamaki, Eddy; Mumba - Ngoyi, Dieudonne; Muyembe-Tamfum, Jean-Jacques; Ahuka-Mundeke, Steve; Wawina-Bokalanga, Tony; Mbala-Kingebeni, Placide	Institut National de Recherche Biomédicale	Homo sapiens	18717	2025-10-23		PP_004BQ0J	1	BLP182	false	eddylusamaki	Pathogen Genomic Lab	232	1761237480	2025-10-23	1761237543	2025-10-23	RESTRICTED	2026-10-23		https://pathoplexus.org/about/terms-of-use/restricted-data	LATEST_VERSION		27														0.98074792974313											Democratic_Republic_of_the_Congo/PP_004BQ0J.1/2025-09-21																						human			9606																									2025-09-21	2025-09-21	2025-09-21						2025-10-08	Gridion	amplicon sequencing		BLP182				0	0	0	0	97	0	123	
PP_004BQ1G.1	Ebov-2025	2025-09-21	Democratic Republic of the Congo	Kasai	Amuri-Aziza, Adrienne; Luakanda - Ndelemo, Gradi; Makangara-Cigolo, Jean-Claude; Akil-Bandali, Prince; Paku-Tshambu, Princesse; Wilkinson, Sam; Tshulo, Louis; Quick, Josh; Citenga, Andre; Muswamba-Kayembe, Chloe; Ntumba-Tshitenge, Olga; Keita, Mory; Lokilo-Lofiko, Emmanuel; Cikaya-Kankolongo, Fiston; Rilia, Ola; Kimbonza, Servet; Pukuta, Elisabeth; Mukadi, Daniel; Ngandu, Christian; Mossoko, Mathias; Kabamba -Lungenyi, Gabriel; Lumembe-Numbi, Raphael; Mabika-Bope, Elzedeck; Kanyama, Joel; Kitenge, Richard; Mukadi, Patrick; Pratt, Catherine; Mwamba, Dieudonne; Loman, Nick; Rambaut, Andrew; Kinganda-Lusamaki, Eddy; Mumba - Ngoyi, Dieudonne; Muyembe-Tamfum, Jean-Jacques; Ahuka-Mundeke, Steve; Wawina-Bokalanga, Tony; Mbala-Kingebeni, Placide	Institut National de Recherche Biomédicale	Homo sapiens	18732	2025-10-23		PP_004BQ1G	1	BLP183	false	eddylusamaki	Pathogen Genomic Lab	232	1761237480	2025-10-23	1761237543	2025-10-23	RESTRICTED	2026-10-23		https://pathoplexus.org/about/terms-of-use/restricted-data	LATEST_VERSION		27														0.9467271480563321											Democratic_Republic_of_the_Congo/PP_004BQ1G.1/2025-09-21																						human			9606																									2025-09-21	2025-09-21	2025-09-21						2025-10-08	Gridion	amplicon sequencing		BLP183				0	0	0	0	89	0	783	
PP_004BQ2E.1	Ebov-2025	2025-09-22	Democratic Republic of the Congo	Kasai	Amuri-Aziza, Adrienne; Luakanda - Ndelemo, Gradi; Makangara-Cigolo, Jean-Claude; Akil-Bandali, Prince; Paku-Tshambu, Princesse; Wilkinson, Sam; Tshulo, Louis; Quick, Josh; Citenga, Andre; Muswamba-Kayembe, Chloe; Ntumba-Tshitenge, Olga; Keita, Mory; Lokilo-Lofiko, Emmanuel; Cikaya-Kankolongo, Fiston; Rilia, Ola; Kimbonza, Servet; Pukuta, Elisabeth; Mukadi, Daniel; Ngandu, Christian; Mossoko, Mathias; Kabamba -Lungenyi, Gabriel; Lumembe-Numbi, Raphael; Mabika-Bope, Elzedeck; Kanyama, Joel; Kitenge, Richard; Mukadi, Patrick; Pratt, Catherine; Mwamba, Dieudonne; Loman, Nick; Rambaut, Andrew; Kinganda-Lusamaki, Eddy; Mumba - Ngoyi, Dieudonne; Muyembe-Tamfum, Jean-Jacques; Ahuka-Mundeke, Steve; Wawina-Bokalanga, Tony; Mbala-Kingebeni, Placide	Institut National de Recherche Biomédicale	Homo sapiens	18789	2025-10-23		PP_004BQ2E	1	BLP210	false	eddylusamaki	Pathogen Genomic Lab	232	1761237480	2025-10-23	1761237543	2025-10-23	RESTRICTED	2026-10-23		https://pathoplexus.org/about/terms-of-use/restricted-data	LATEST_VERSION		27														0.9334353077693971											Democratic_Republic_of_the_Congo/PP_004BQ2E.1/2025-09-22																						human			9606																									2025-09-22	2025-09-22	2025-09-22						2025-10-08	Gridion	amplicon sequencing		BLP210				0	0	0	0	80	0	1092	
PP_004BQ3C.1	Ebov-2025	2025-09-25	Democratic Republic of the Congo	Kasai	Amuri-Aziza, Adrienne; Luakanda - Ndelemo, Gradi; Makangara-Cigolo, Jean-Claude; Akil-Bandali, Prince; Paku-Tshambu, Princesse; Wilkinson, Sam; Tshulo, Louis; Quick, Josh; Citenga, Andre; Muswamba-Kayembe, Chloe; Ntumba-Tshitenge, Olga; Keita, Mory; Lokilo-Lofiko, Emmanuel; Cikaya-Kankolongo, Fiston; Rilia, Ola; Kimbonza, Servet; Pukuta, Elisabeth; Mukadi, Daniel; Ngandu, Christian; Mossoko, Mathias; Kabamba -Lungenyi, Gabriel; Lumembe-Numbi, Raphael; Mabika-Bope, Elzedeck; Kanyama, Joel; Kitenge, Richard; Mukadi, Patrick; Pratt, Catherine; Mwamba, Dieudonne; Loman, Nick; Rambaut, Andrew; Kinganda-Lusamaki, Eddy; Mumba - Ngoyi, Dieudonne; Muyembe-Tamfum, Jean-Jacques; Ahuka-Mundeke, Steve; Wawina-Bokalanga, Tony; Mbala-Kingebeni, Placide	Institut National de Recherche Biomédicale	Homo sapiens	18039	2025-10-23		PP_004BQ3C	1	BLP249	false	eddylusamaki	Pathogen Genomic Lab	232	1761237480	2025-10-23	1761237543	2025-10-23	RESTRICTED	2026-10-23		https://pathoplexus.org/about/terms-of-use/restricted-data	LATEST_VERSION		27														0.753784482303919											Democratic_Republic_of_the_Congo/PP_004BQ3C.1/2025-09-25																						human			9606																									2025-09-25	2025-09-25	2025-09-25						2025-10-08	Gridion	amplicon sequencing		BLP249				0	0	0	0	68	0	3748	
PP_004BQ4A.1	Ebov-2025	2025-09-25	Democratic Republic of the Congo	Kasai	Amuri-Aziza, Adrienne; Luakanda - Ndelemo, Gradi; Makangara-Cigolo, Jean-Claude; Akil-Bandali, Prince; Paku-Tshambu, Princesse; Wilkinson, Sam; Tshulo, Louis; Quick, Josh; Citenga, Andre; Muswamba-Kayembe, Chloe; Ntumba-Tshitenge, Olga; Keita, Mory; Lokilo-Lofiko, Emmanuel; Cikaya-Kankolongo, Fiston; Rilia, Ola; Kimbonza, Servet; Pukuta, Elisabeth; Mukadi, Daniel; Ngandu, Christian; Mossoko, Mathias; Kabamba -Lungenyi, Gabriel; Lumembe-Numbi, Raphael; Mabika-Bope, Elzedeck; Kanyama, Joel; Kitenge, Richard; Mukadi, Patrick; Pratt, Catherine; Mwamba, Dieudonne; Loman, Nick; Rambaut, Andrew; Kinganda-Lusamaki, Eddy; Mumba - Ngoyi, Dieudonne; Muyembe-Tamfum, Jean-Jacques; Ahuka-Mundeke, Steve; Wawina-Bokalanga, Tony; Mbala-Kingebeni, Placide	Institut National de Recherche Biomédicale	Homo sapiens	18271	2025-10-23		PP_004BQ4A	1	BLP262	false	eddylusamaki	Pathogen Genomic Lab	232	1761237480	2025-10-23	1761237543	2025-10-23	RESTRICTED	2026-10-23		https://pathoplexus.org/about/terms-of-use/restricted-data	LATEST_VERSION		27														0.870246321008492											Democratic_Republic_of_the_Congo/PP_004BQ4A.1/2025-09-25																						human			9606																									2025-09-25	2025-09-25	2025-09-25						2025-10-08	Gridion	amplicon sequencing		BLP262				0	0	0	0	77	0	1772	
PP_004BQ58.1	Ebov-2025	2025-09-26	Democratic Republic of the Congo	Kasai	Amuri-Aziza, Adrienne; Luakanda - Ndelemo, Gradi; Makangara-Cigolo, Jean-Claude; Akil-Bandali, Prince; Paku-Tshambu, Princesse; Wilkinson, Sam; Tshulo, Louis; Quick, Josh; Citenga, Andre; Muswamba-Kayembe, Chloe; Ntumba-Tshitenge, Olga; Keita, Mory; Lokilo-Lofiko, Emmanuel; Cikaya-Kankolongo, Fiston; Rilia, Ola; Kimbonza, Servet; Pukuta, Elisabeth; Mukadi, Daniel; Ngandu, Christian; Mossoko, Mathias; Kabamba -Lungenyi, Gabriel; Lumembe-Numbi, Raphael; Mabika-Bope, Elzedeck; Kanyama, Joel; Kitenge, Richard; Mukadi, Patrick; Pratt, Catherine; Mwamba, Dieudonne; Loman, Nick; Rambaut, Andrew; Kinganda-Lusamaki, Eddy; Mumba - Ngoyi, Dieudonne; Muyembe-Tamfum, Jean-Jacques; Ahuka-Mundeke, Steve; Wawina-Bokalanga, Tony; Mbala-Kingebeni, Placide	Institut National de Recherche Biomédicale	Homo sapiens	18271	2025-10-23		PP_004BQ58	1	BLP281	false	eddylusamaki	Pathogen Genomic Lab	232	1761237480	2025-10-23	1761237543	2025-10-23	RESTRICTED	2026-10-23		https://pathoplexus.org/about/terms-of-use/restricted-data	LATEST_VERSION		27														0.9093834062978006											Democratic_Republic_of_the_Congo/PP_004BQ58.1/2025-09-26																						human			9606																									2025-09-26	2025-09-26	2025-09-26						2025-10-08	Gridion	amplicon sequencing		BLP281				0	0	0	0	86	0	1030	
PP_004BQ66.1	Ebov-2025	2025-09-26	Democratic Republic of the Congo	Kasai	Amuri-Aziza, Adrienne; Luakanda - Ndelemo, Gradi; Makangara-Cigolo, Jean-Claude; Akil-Bandali, Prince; Paku-Tshambu, Princesse; Wilkinson, Sam; Tshulo, Louis; Quick, Josh; Citenga, Andre; Muswamba-Kayembe, Chloe; Ntumba-Tshitenge, Olga; Keita, Mory; Lokilo-Lofiko, Emmanuel; Cikaya-Kankolongo, Fiston; Rilia, Ola; Kimbonza, Servet; Pukuta, Elisabeth; Mukadi, Daniel; Ngandu, Christian; Mossoko, Mathias; Kabamba -Lungenyi, Gabriel; Lumembe-Numbi, Raphael; Mabika-Bope, Elzedeck; Kanyama, Joel; Kitenge, Richard; Mukadi, Patrick; Pratt, Catherine; Mwamba, Dieudonne; Loman, Nick; Rambaut, Andrew; Kinganda-Lusamaki, Eddy; Mumba - Ngoyi, Dieudonne; Muyembe-Tamfum, Jean-Jacques; Ahuka-Mundeke, Steve; Wawina-Bokalanga, Tony; Mbala-Kingebeni, Placide	Institut National de Recherche Biomédicale	Homo sapiens	18721	2025-10-23		PP_004BQ66	1	BLP282	false	eddylusamaki	Pathogen Genomic Lab	232	1761237480	2025-10-23	1761237543	2025-10-23	RESTRICTED	2026-10-23		https://pathoplexus.org/about/terms-of-use/restricted-data	LATEST_VERSION		27														0.9700933593543963											Democratic_Republic_of_the_Congo/PP_004BQ66.1/2025-09-26																						human			9606																									2025-09-26	2025-09-26	2025-09-26						2025-10-08	Gridion	amplicon sequencing		BLP282				0	0	0	0	91	0	329	
PP_004BQ74.1	Ebov-2025	2025-09-26	Democratic Republic of the Congo	Kasai	Amuri-Aziza, Adrienne; Luakanda - Ndelemo, Gradi; Makangara-Cigolo, Jean-Claude; Akil-Bandali, Prince; Paku-Tshambu, Princesse; Wilkinson, Sam; Tshulo, Louis; Quick, Josh; Citenga, Andre; Muswamba-Kayembe, Chloe; Ntumba-Tshitenge, Olga; Keita, Mory; Lokilo-Lofiko, Emmanuel; Cikaya-Kankolongo, Fiston; Rilia, Ola; Kimbonza, Servet; Pukuta, Elisabeth; Mukadi, Daniel; Ngandu, Christian; Mossoko, Mathias; Kabamba -Lungenyi, Gabriel; Lumembe-Numbi, Raphael; Mabika-Bope, Elzedeck; Kanyama, Joel; Kitenge, Richard; Mukadi, Patrick; Pratt, Catherine; Mwamba, Dieudonne; Loman, Nick; Rambaut, Andrew; Kinganda-Lusamaki, Eddy; Mumba - Ngoyi, Dieudonne; Muyembe-Tamfum, Jean-Jacques; Ahuka-Mundeke, Steve; Wawina-Bokalanga, Tony; Mbala-Kingebeni, Placide	Institut National de Recherche Biomédicale	Homo sapiens	18039	2025-10-23		PP_004BQ74	1	BLP286	false	eddylusamaki	Pathogen Genomic Lab	232	1761237480	2025-10-23	1761237543	2025-10-23	RESTRICTED	2026-10-23		https://pathoplexus.org/about/terms-of-use/restricted-data	LATEST_VERSION		27														0.8669761063347223											Democratic_Republic_of_the_Congo/PP_004BQ74.1/2025-09-26																						human			9606																									2025-09-26	2025-09-26	2025-09-26						2025-10-08	Gridion	amplicon sequencing		BLP286				0	0	0	0	83	0	1602	
PP_004BWN1.2	Ebov-2025	2025-09-12	Democratic Republic of the Congo	Kasai	Amuri-Aziza, Adrienne; Luakanda - Ndelemo, Gradi; Makangara-Cigolo, Jean-Claude; Akil-Bandali, Prince; Paku-Tshambu, Princesse; Wilkinson, Sam; Tshulo, Louis; Quick, Josh; Citenga, Andre; Muswamba-Kayembe, Chloe; Ntumba-Tshitenge, Olga; Keita, Mory; Lokilo-Lofiko, Emmanuel; Cikaya-Kankolongo, Fiston; Rilia, Ola; Kimbonza, Servet; Pukuta, Elisabeth; Mukadi, Daniel; Ngandu, Christian; Mossoko, Mathias; Kabamba -Lungenyi, Gabriel; Lumembe-Numbi, Raphael; Mabika-Bope, Elzedeck; Kanyama, Joel; Kitenge, Richard; Mukadi, Patrick; Pratt, Catherine; Mwamba, Dieudonne; Loman, Nick; Rambaut, Andrew; Kinganda-Lusamaki, Eddy; Mumba - Ngoyi, Dieudonne; Muyembe-Tamfum, Jean-Jacques; Ahuka-Mundeke, Steve; Wawina-Bokalanga, Tony; Mbala-Kingebeni, Placide	Institut National de Recherche Biomédicale	Homo sapiens	18717	2025-10-30		PP_004BWN1	2	BLP055	false	eddylusamaki	Pathogen Genomic Lab	232	1761843712	2025-10-30	1761843733	2025-10-30	RESTRICTED	2026-10-30		https://pathoplexus.org/about/terms-of-use/restricted-data	LATEST_VERSION		27	https://labs.primalscheme.com/detail/ebola-mangina-2018/400/v3.0.0/?q=ebola	400												0.9795347855899573											Democratic_Republic_of_the_Congo/PP_004BWN1.2/2025-09-12																						human			9606																									2025-09-12	2025-09-12	2025-09-12						2025-10-08	Gridion	amplicon sequencing		BLP055				0	0	0	0	89	0	146	
